[2026-04-28T05:35:08.716Z] GET https://www.example.com/ → 200 (128ms, 528B)
[2026-04-28T05:35:16.695Z] GET https://www.cordellconnect.com.au/ → 200 (211ms, 12143B)
[2026-04-28T05:35:16.914Z] GET https://www.cordellconnect.com.au/css/bootstrap.min.css → 200 (29ms, 133938B)
[2026-04-28T05:35:16.914Z] GET https://www.cordellconnect.com.au/css/frontpageStyleSheet.css → 200 (51ms, 5437B)
[2026-04-28T05:35:16.914Z] GET https://www.cordellconnect.com.au/images/loginbtn.png → 200 (52ms, 964B)
[2026-04-28T05:35:16.914Z] GET https://www.cordellconnect.com.au/images/logincontactbtn.png → 200 (52ms, 1234B)
[2026-04-28T05:35:16.914Z] GET https://www.cordellconnect.com.au/_Incapsula_Resource?SWJIYLWA=719d34d31c8e3a6e6fffd425f7e032f3&ns=1&cb=180991212 → 200 (95ms, 82846B)
[2026-04-28T05:35:16.987Z] GET https://www.cordellconnect.com.au/images/MainConnect.jpg → 200 (44ms, 279551B)
[2026-04-28T05:35:17.030Z] GET https://www.cordellconnect.com.au/_Incapsula_Resource?SWKMTFSR=1&e=0.774890678376013 → 200 (57ms, 1B)
[2026-04-28T05:35:35.389Z] GET https://www.cotality.com/au/products/cordell-connect → 200 (151ms, 312304B)
[2026-04-28T05:35:35.545Z] GET https://cdn.prod.website-files.com/6798199a0c3b02c6826da654/css/cotality.shared.34d07873c.css → 200 (95ms, 518787B)
[2026-04-28T05:35:35.545Z] GET https://ajax.googleapis.com/ajax/libs/webfont/1.6.26/webfont.js → 200 (171ms, 13188B)
[2026-04-28T05:35:35.545Z] GET https://cdn.intellimize.co/snippet/117804184.js → 200 (95ms, 371607B)
[2026-04-28T05:35:35.545Z] GET https://dnf20ypvrc856.cloudfront.net/embed.js → 200 (78ms, 43266B)
[2026-04-28T05:35:35.546Z] GET https://cdn.plyr.io/3.7.2/plyr.css → 200 (368ms, 33875B)
[2026-04-28T05:35:35.546Z] GET https://cdn.jsdelivr.net/npm/swiper@11/swiper-bundle.min.css → 200 (132ms, 18454B)
[2026-04-28T05:35:35.546Z] GET https://cdn.jsdelivr.net/npm/@finsweet/attributes-cmsslider@1/cmsslider.js → 200 (244ms, 6328B)
[2026-04-28T05:35:35.546Z] GET https://cdn.jsdelivr.net/npm/@finsweet/attributes-cmsfilter@1/cmsfilter.js → 200 (288ms, 23115B)
[2026-04-28T05:35:35.546Z] GET https://cdn.jsdelivr.net/npm/@finsweet/attributes-cmsnest@1/cmsnest.js → 200 (288ms, 10130B)
[2026-04-28T05:35:35.546Z] GET https://cdn.jsdelivr.net/npm/@finsweet/attributes-cmsload@1/cmsload.js → 200 (288ms, 18482B)
[2026-04-28T05:35:35.546Z] GET https://cdn.jsdelivr.net/npm/@finsweet/attributes-modal@1/modal.js → 200 (288ms, 7143B)
[2026-04-28T05:35:35.546Z] GET https://cdn.jsdelivr.net/npm/@finsweet/attributes-countitems@1/countitems.js → 200 (288ms, 4734B)
[2026-04-28T05:35:35.546Z] GET https://cdn.jsdelivr.net/npm/@finsweet/attributes-cmstabs@1/cmstabs.js → 200 (289ms, 7507B)
[2026-04-28T05:35:35.546Z] GET https://cdn.jsdelivr.net/npm/@finsweet/attributes-toc@1/toc.js → 200 (289ms, 22442B)
[2026-04-28T05:35:35.546Z] GET https://cdn.jsdelivr.net/npm/@finsweet/attributes-socialshare@1/socialshare.js → 200 (289ms, 8572B)
[2026-04-28T05:35:35.546Z] GET https://cdn.jsdelivr.net/npm/@finsweet/attributes-accordion@1/accordion.js → 200 (289ms, 7231B)
[2026-04-28T05:35:35.546Z] GET https://cdn.jsdelivr.net/npm/@finsweet/attributes@2/attributes.js → 200 (133ms, 3597B)
[2026-04-28T05:35:35.546Z] GET https://cdn.bfldr.com/AD2DW42M/at/5xpj5c65m4vmv9w9sxsh9rw/Cotality_Logo_Web.svg → 200 (77ms, 7195B)
[2026-04-28T05:35:35.546Z] GET https://cdn.bfldr.com/AD2DW42M/at/jjn57c6hptwsvng37mg4bqs/nav_icon_dropdown.svg → 200 (76ms, 174B)
[2026-04-28T05:35:35.547Z] GET https://cdn.bfldr.com/AD2DW42M/at/5wtq8jh9kbvwcnvr8v6f6vg/nav_icon_search.svg → 200 (240ms, 1024B)
[2026-04-28T05:35:35.547Z] GET https://cdn.bfldr.com/AD2DW42M/at/vwj9pkchwf2qvnrntnww57vc/GettyImages-656676779.jpg?format=jpg&crop=3530%2C3530%2Cx1401%2Cy56&width=1280&height=1280 → 200 (241ms, 289877B)
[2026-04-28T05:35:35.547Z] GET https://cdn.bfldr.com/AD2DW42M/at/v3v5gctsgkrskf7bmxkj66r/Cordell_Connect_cream_background_web_only.jpg?auto=webp&format=png → 200 (240ms, 181714B)
[2026-04-28T05:35:35.547Z] GET https://js-ap1.hsforms.net/forms/embed/v2.js → 200 (263ms, 606652B)
[2026-04-28T05:35:35.547Z] GET https://d3e54v103j8qbb.cloudfront.net/js/jquery-3.5.1.min.dc5e7f18c8.js?site=6798199a0c3b02c6826da654 → 200 (157ms, 89476B)
[2026-04-28T05:35:35.547Z] GET https://cdn.prod.website-files.com/6798199a0c3b02c6826da654/js/cotality.schunk.36b8fb49256177c8.js → 200 (242ms, 41429B)
[2026-04-28T05:35:35.548Z] GET https://cdn.prod.website-files.com/6798199a0c3b02c6826da654/js/cotality.schunk.5cd46b1c5dfa92ac.js → 200 (243ms, 251079B)
[2026-04-28T05:35:35.548Z] GET https://cdn.prod.website-files.com/6798199a0c3b02c6826da654/js/cotality.schunk.6671790c002e1683.js → 200 (243ms, 364330B)
[2026-04-28T05:35:35.548Z] GET https://cdn.prod.website-files.com/6798199a0c3b02c6826da654/js/cotality.c9940d87.dc17ed05787fc67a.js → 200 (242ms, 1883B)
[2026-04-28T05:35:35.548Z] GET https://cdn.prod.website-files.com/gsap/3.15.0/gsap.min.js → 200 (303ms, 72927B)
[2026-04-28T05:35:35.548Z] GET https://cdn.prod.website-files.com/gsap/3.15.0/ScrollTrigger.min.js → 200 (285ms, 44575B)
[2026-04-28T05:35:35.548Z] GET https://trueaudioplayer.b-cdn.net/true-audio-player@1.3.1.min.js → 200 (259ms, 18062B)
[2026-04-28T05:35:35.548Z] GET https://unpkg.com/lenis@1.2.3/dist/lenis.css → 200 (318ms, 191B)
[2026-04-28T05:35:35.548Z] GET https://unpkg.com/lenis@1.2.3/dist/lenis.min.js → 200 (324ms, 14348B)
[2026-04-28T05:35:35.548Z] GET https://cdn.jsdelivr.net/npm/hls.js@latest → 200 (286ms, 543002B)
[2026-04-28T05:35:35.548Z] GET https://cdn.plyr.io/3.7.2/plyr.js → 200 (405ms, 110918B)
[2026-04-28T05:35:35.548Z] GET https://cdn.jsdelivr.net/npm/swiper@11/swiper-bundle.min.js → 200 (242ms, 154597B)
[2026-04-28T05:35:35.723Z] GET https://fonts.googleapis.com/css?family=Inter:300,400,500,600,700 → 200 (274ms, 11585B)
[2026-04-28T05:35:35.723Z] GET https://g10498469755.co/gr?id=-OVUKEsXKV1i6i9KBP3t&refurl=&winurl=https%3A%2F%2Fwww.cotality.com%2Fau%2Fproducts%2Fcordell-connect → 200 (110ms, 352B)
[2026-04-28T05:35:35.723Z] GET https://www.googletagmanager.com/gtm.js?id=GTM-MZ5LL5BG → pending (?ms, ?B)
[2026-04-28T05:35:35.786Z] GET https://cdn.prod.website-files.com/6798199a0c3b02c6826da654/67b6be6384a2c13e0500a65f_Vector%20(1).svg → 200 (8ms, 181B)
[2026-04-28T05:35:35.786Z] GET https://cdn.prod.website-files.com/6798199a0c3b02c6826da654/68386b92960548cc05838365_check_24dp_DD37D2_FILL0_wght400_GRAD0_opsz24.svg → 200 (7ms, 178B)
[2026-04-28T05:35:35.786Z] GET https://cdn.prod.website-files.com/6798199a0c3b02c6826da654/67aae12783c5f8f82db9e810_arrow.svg → 200 (8ms, 230B)
[2026-04-28T05:35:35.786Z] GET https://cdn.prod.website-files.com/6798199a0c3b02c6826da654/68b988026e6a82326153f7a2_TWKEverett-Regular-web.woff2 → 200 (100ms, 54524B)
[2026-04-28T05:35:35.786Z] GET https://cdn.prod.website-files.com/6798199a0c3b02c6826da654/68b9db9f0cc770b1ce761fdb_ibm-plex-mono-normal-400.woff2 → 200 (126ms, 10088B)
[2026-04-28T05:35:35.786Z] GET https://cdn.prod.website-files.com/6798199a0c3b02c6826da654/68b9db9fba35a89e0f806466_material-symbols-sharp-normal-200.woff2 → 200 (210ms, 292920B)
[2026-04-28T05:35:35.786Z] GET https://cdn.prod.website-files.com/6798199a0c3b02c6826da654/68b98802b4d5ff77460be671_TWKEverett-Bold-web.woff2 → 200 (209ms, 61376B)
[2026-04-28T05:35:35.786Z] GET https://cdn.prod.website-files.com/6798199a0c3b02c6826da654/68b9db9f7e26ff04f3c1a0f2_ibm-plex-mono-normal-500.woff2 → 200 (209ms, 10132B)
[2026-04-28T05:35:35.789Z] GET https://cdn.jsdelivr.net/npm/@finsweet/attributes@2/dist/chunk-J3PPETVR.js → 200 (100ms, 679B)
[2026-04-28T05:35:35.789Z] GET https://cdn.jsdelivr.net/npm/@finsweet/attributes@2/dist/chunk-ADKL4AJZ.js → 200 (100ms, 1575B)
[2026-04-28T05:35:35.789Z] GET https://cdn.jsdelivr.net/npm/@finsweet/attributes@2/dist/chunk-VDEO3AAR.js → 200 (107ms, 1247B)
[2026-04-28T05:35:35.789Z] GET https://cdn.jsdelivr.net/npm/@finsweet/attributes@2/dist/chunk-WIALCYDY.js → 200 (107ms, 610B)
[2026-04-28T05:35:35.789Z] GET https://cdn.jsdelivr.net/npm/@finsweet/attributes@2/dist/chunk-OF4NI3Y7.js → 200 (123ms, 197B)
[2026-04-28T05:35:35.789Z] GET https://cdn.jsdelivr.net/npm/@finsweet/attributes@2/dist/chunk-N2ZCN6XY.js → 200 (115ms, 1235B)
[2026-04-28T05:35:35.789Z] GET https://cdn.jsdelivr.net/npm/@finsweet/attributes@2/dist/chunk-L4B2V5MO.js → 200 (123ms, 713B)
[2026-04-28T05:35:35.789Z] GET https://cdn.jsdelivr.net/npm/@finsweet/attributes@2/dist/chunk-CB6LZ537.js → 200 (123ms, 351B)
[2026-04-28T05:35:35.789Z] GET https://cdn.jsdelivr.net/npm/@finsweet/attributes@2/dist/chunk-XRTLPMPO.js → 200 (117ms, 656B)
[2026-04-28T05:35:35.789Z] GET https://cdn.jsdelivr.net/npm/@finsweet/attributes@2/dist/chunk-REJ3R5JH.js → 200 (157ms, 1467B)
[2026-04-28T05:35:35.789Z] GET https://cdn.jsdelivr.net/npm/@finsweet/attributes@2/dist/chunk-GGDEANQW.js → 200 (158ms, 320B)
[2026-04-28T05:35:35.789Z] GET https://cdn.jsdelivr.net/npm/@finsweet/attributes@2/dist/chunk-K46K3RI5.js → 200 (123ms, 605B)
[2026-04-28T05:35:35.789Z] GET https://cdn.bfldr.com/AD2DW42M/at/5xpj5c65m4vmv9w9sxsh9rw/Cotality_Logo_Web.svg → 200 (22ms, 7195B)
[2026-04-28T05:35:35.789Z] GET https://cdn.bfldr.com/AD2DW42M/at/jjn57c6hptwsvng37mg4bqs/nav_icon_dropdown.svg → 200 (22ms, 174B)
[2026-04-28T05:35:35.836Z] GET https://cdn.jsdelivr.net/npm/@finsweet/attributes-animation@1/animation.esm.js → 200 (111ms, 11724B)
[2026-04-28T05:35:35.933Z] GET https://cdn.prod.website-files.com/6798199a0c3b02c6826da654/67a08bd853cce928f93a963d_Language_switcher.svg → 200 (61ms, 3422B)
[2026-04-28T05:35:35.933Z] GET https://cdn.prod.website-files.com/6798199a0c3b02c6826da654/67a08bd82545a3ca20856d0e_SignIn.svg → 200 (61ms, 343B)
[2026-04-28T05:35:35.933Z] GET https://cdn.prod.website-files.com/6798199a0c3b02c6826da654/67a08bd9e557f55c212cce4c_Support.svg → 200 (62ms, 1412B)
[2026-04-28T05:35:35.933Z] GET https://cdn.prod.website-files.com/6798199a0c3b02c6826da654/6849b76da05fc949a575a30f_shopping_cart_16dp_FFF_FILL0_wght300_GRAD0_opsz20.svg → 200 (63ms, 914B)
[2026-04-28T05:35:35.933Z] GET https://cdn.prod.website-files.com/6798199a0c3b02c6826da654/67aafc0588a5c34d06aaff32_Rectangle%20377.svg → 200 (62ms, 148B)
[2026-04-28T05:35:35.946Z] GET https://forms-ap1.hsforms.com/embed/v3/form/441896203/7de1d3f2-0523-43ad-8706-e7528a379ed8/json?hs_static_app=forms-embed&hs_static_app_version=1.10878&X-HubSpot-Static-App-Info=forms-embed-1.10878 → 200 (194ms, 7427B)
[2026-04-28T05:35:36.040Z] GET https://cdn.jsdelivr.net/npm/@finsweet/attributes@2/dist/src-46THOPZP.js → 200 (64ms, 95783B)
[2026-04-28T05:35:36.044Z] GET https://fonts.gstatic.com/s/inter/v20/UcC73FwrK3iLTeHuS_nVMrMxCp50SjIa1ZL7.woff2 → 200 (174ms, 48256B)
[2026-04-28T05:35:36.068Z] GET https://cdn.jsdelivr.net/npm/@finsweet/attributes-cmscore@1/cmscore.js → 200 (61ms, 20297B)
[2026-04-28T05:35:36.068Z] GET https://cdn.jsdelivr.net/npm/@finsweet/attributes-a11y@1/a11y.js → 200 (46ms, 18913B)
[2026-04-28T05:35:36.104Z] GET https://cdn.jsdelivr.net/npm/@finsweet/attributes@2/dist/chunk-WL5KIXHF.js → 200 (48ms, 402B)
[2026-04-28T05:35:36.104Z] GET https://cdn.jsdelivr.net/npm/@finsweet/attributes@2/dist/chunk-T2PNG2TC.js → 200 (48ms, 507B)
[2026-04-28T05:35:36.104Z] GET https://cdn.jsdelivr.net/npm/@finsweet/attributes@2/dist/chunk-7CAOOJVW.js → 200 (48ms, 333B)
[2026-04-28T05:35:36.104Z] GET https://cdn.jsdelivr.net/npm/@finsweet/attributes@2/dist/chunk-WO4GQJHX.js → 200 (48ms, 112B)
[2026-04-28T05:35:36.104Z] GET https://cdn.jsdelivr.net/npm/@finsweet/attributes@2/dist/chunk-ZZRTGM4V.js → 200 (48ms, 2049B)
[2026-04-28T05:35:36.104Z] GET https://cdn.jsdelivr.net/npm/@finsweet/attributes@2/dist/chunk-UAA7M346.js → 200 (48ms, 1285B)
[2026-04-28T05:35:36.140Z] GET https://forms-ap1.hsforms.com/embed/v3/counters.gif?key=forms-embed-v2-DEFINITION_SUCCESS&count=1 → 200 (80ms, 35B)
[2026-04-28T05:35:36.153Z] GET https://forms-ap1.hsforms.com/embed/v3/counters.gif?key=forms-embed-v2-RENDER_SUCCESS&count=1 → 200 (65ms, 35B)
[2026-04-28T05:35:36.156Z] GET blob:https://www.cotality.com/c9be56f2-a651-4ddd-9d4b-5e4cc6b25351 → 200 (30ms, 12230B)
[2026-04-28T05:35:36.157Z] GET blob:https://www.cotality.com/34f39c81-f785-4d4c-a59c-c56c7aac94f1 → 200 (29ms, 12230B)
[2026-04-28T05:35:36.158Z] GET blob:https://www.cotality.com/cc385d7a-5af1-4688-983e-560e450abe37 → 200 (32ms, 12230B)
[2026-04-28T05:35:36.158Z] GET blob:https://www.cotality.com/6fd215e0-d9d6-4765-8177-d178fc387ae3 → 200 (32ms, 12230B)
[2026-04-28T05:35:36.159Z] GET blob:https://www.cotality.com/f93c4e55-7d08-4538-ad27-dec18e5efbf2 → 200 (32ms, 12230B)
[2026-04-28T05:35:36.159Z] GET blob:https://www.cotality.com/0da5ef09-3ae5-4158-9622-74f57d3789de → 200 (31ms, 12230B)
[2026-04-28T05:35:36.160Z] GET blob:https://www.cotality.com/0afcf6df-9fe5-4672-b923-4851e609b894 → 200 (34ms, 12230B)
[2026-04-28T05:35:36.160Z] GET blob:https://www.cotality.com/83c4e94f-beb6-4471-a3d1-037b7cc62456 → 200 (33ms, 12230B)
[2026-04-28T05:35:36.161Z] GET blob:https://www.cotality.com/d8a11062-46ce-42bb-bcbc-e961cb306d3b → 200 (32ms, 12230B)
[2026-04-28T05:35:36.161Z] GET blob:https://www.cotality.com/d6711dee-ce2e-4f7f-b9c0-0802c2c71c09 → 200 (35ms, 12230B)
[2026-04-28T05:35:36.162Z] GET blob:https://www.cotality.com/4b7ba0af-0557-4e9c-a426-b42d29eedc48 → 200 (36ms, 12230B)
[2026-04-28T05:35:36.162Z] GET blob:https://www.cotality.com/34888412-452f-4c5e-bd4a-d5b73e844fe0 → 200 (39ms, 12230B)
[2026-04-28T05:35:36.163Z] GET blob:https://www.cotality.com/aaf37ad4-210d-42c8-91bf-fb8e0784ce32 → 200 (35ms, 12230B)
[2026-04-28T05:35:36.163Z] GET blob:https://www.cotality.com/24288744-1a82-421b-827d-2baabd678066 → 200 (40ms, 12230B)
[2026-04-28T05:35:36.164Z] GET blob:https://www.cotality.com/18fc7afa-3db3-4aaf-853b-62145f05a8c2 → 200 (39ms, 12230B)
[2026-04-28T05:35:36.165Z] GET blob:https://www.cotality.com/5ff92418-9a13-48b5-b63a-ea5b738d4f43 → 200 (38ms, 12230B)
[2026-04-28T05:35:36.165Z] GET blob:https://www.cotality.com/db22b50b-4d32-4911-bc16-d614c9053657 → 200 (38ms, 12230B)
[2026-04-28T05:35:36.166Z] GET blob:https://www.cotality.com/844d2680-2f37-4a7b-9de2-ddb0c8894edd → 200 (38ms, 12230B)
[2026-04-28T05:35:36.168Z] GET blob:https://www.cotality.com/74518617-ec52-4731-b177-d6699d41bd87 → 200 (36ms, 12230B)
[2026-04-28T05:35:36.168Z] GET blob:https://www.cotality.com/6a664b9c-8898-4a84-b51a-c539ceb591a8 → 200 (38ms, 12230B)
[2026-04-28T05:35:36.168Z] GET blob:https://www.cotality.com/1b4a5810-04f9-4737-aedb-574d42019717 → 200 (39ms, 12230B)
[2026-04-28T05:35:36.168Z] GET blob:https://www.cotality.com/47bf45c1-3732-4e94-b2f8-db3ab769bd9f → 200 (40ms, 12230B)
[2026-04-28T05:35:36.168Z] GET blob:https://www.cotality.com/19e8983d-6e75-4e2d-a2d4-2d568c62cbfd → 200 (41ms, 12230B)
[2026-04-28T05:35:36.169Z] GET blob:https://www.cotality.com/215e8304-34f5-42b1-ae87-c3be03821a1f → 200 (42ms, 12230B)
[2026-04-28T05:35:36.170Z] GET blob:https://www.cotality.com/7732dff7-d422-4269-9590-30dec1d45e9c → 200 (41ms, 12230B)
[2026-04-28T05:35:36.170Z] GET blob:https://www.cotality.com/10fc39c6-33ab-4220-96ce-a63afd0add0a → 200 (42ms, 12230B)
[2026-04-28T05:35:36.171Z] GET blob:https://www.cotality.com/eb90a416-0e89-4149-ba0b-305824770bbf → 200 (43ms, 12230B)
[2026-04-28T05:35:36.171Z] GET blob:https://www.cotality.com/e2642518-77aa-42e9-bced-0b2820d51275 → 200 (47ms, 12230B)
[2026-04-28T05:35:36.172Z] GET blob:https://www.cotality.com/54c94974-4da6-44d9-aecd-cb0b42614e3b → 200 (46ms, 12230B)
[2026-04-28T05:35:36.172Z] GET blob:https://www.cotality.com/e6583ede-ee11-424b-8986-c169a61af61f → 200 (46ms, 12230B)
[2026-04-28T05:35:36.173Z] GET blob:https://www.cotality.com/526c3002-b422-4caa-bad1-8b3b125e1381 → 200 (45ms, 12230B)
[2026-04-28T05:35:36.173Z] GET blob:https://www.cotality.com/04a3385d-9db3-49aa-b5f3-53687d6253ba → 200 (47ms, 12230B)
[2026-04-28T05:35:36.288Z] GET https://cdn.cookielaw.org/scripttemplates/otSDKStub.js?did=019b0e67-e66e-7518-9456-41775f77c9d0 → 200 (136ms, 26819B)
[2026-04-28T05:35:36.288Z] GET https://www.googletagmanager.com/gtag/js?id=G-CJC17HB9K1&cx=c&gtm=4e64o1h1 → 200 (424ms, 560981B)
[2026-04-28T05:35:36.288Z] GET https://www.googletagmanager.com/gtag/js?id=AW-937293717&cx=c&gtm=4e64o1h1 → 200 (515ms, 423559B)
[2026-04-28T05:35:36.288Z] GET https://connect.facebook.net/en_US/fbevents.js → 200 (137ms, 375212B)
[2026-04-28T05:35:36.288Z] GET https://static.zdassets.com/ekr/snippet.js?key=253412c3-771d-469a-afd7-32b5fec491b8 → 200 (136ms, 9693B)
[2026-04-28T05:35:36.424Z] GET https://ekr.zdassets.com/compose/253412c3-771d-469a-afd7-32b5fec491b8 → 200 (94ms, 1456B)
[2026-04-28T05:35:36.424Z] GET https://cdn.cookielaw.org/consent/019b0e67-e66e-7518-9456-41775f77c9d0/019b0e67-e66e-7518-9456-41775f77c9d0.json → 200 (95ms, 6249B)
[2026-04-28T05:35:36.425Z] GET https://connect.facebook.net/signals/config/870841973051496?v=2.9.308&r=stable&domain=www.cotality.com&hme=97937018cefade17726f0472876fc101316b2ce9008a35a6a5a7977d7436151a&ex_m=104%2C205%2C154%2C22%2C72%2C73%2C145%2C68%2C67%2C11%2C162%2C90%2C16%2C138%2C127%2C39%2C75%2C78%2C134%2C159%2C164%2C8%2C4%2C5%2C7%2C6%2C3%2C91%2C101%2C165%2C170%2C219%2C62%2C186%2C187%2C55%2C276%2C30%2C74%2C231%2C230%2C229%2C23%2C33%2C103%2C61%2C10%2C63%2C97%2C98%2C99%2C105%2C130%2C31%2C29%2C132%2C133%2C129%2C128%2C155%2C76%2C158%2C156%2C157%2C50%2C60%2C123%2C15%2C161%2C45%2C263%2C264%2C262%2C26%2C27%2C28%2C48%2C146%2C77%2C112%2C18%2C20%2C44%2C40%2C42%2C41%2C83%2C92%2C96%2C110%2C144%2C147%2C46%2C111%2C24%2C21%2C119%2C69%2C36%2C149%2C148%2C150%2C141%2C139%2C25%2C35%2C59%2C109%2C160%2C70%2C17%2C152%2C114%2C81%2C66%2C19%2C85%2C86%2C116%2C84%2C136%2C135%2C34%2C278%2C293%2C212%2C201%2C202%2C200%2C296%2C288%2C52%2C213%2C107%2C131%2C80%2C121%2C54%2C47%2C49%2C113%2C120%2C126%2C58%2C64%2C151%2C115%2C37%2C32%2C53%2C56%2C100%2C163%2C1%2C124%2C14%2C122%2C12%2C2%2C57%2C93%2C65%2C118%2C89%2C88%2C166%2C167%2C94%2C95%2C9%2C125%2C102%2C51%2C142%2C87%2C79%2C71%2C117%2C106%2C43%2C143%2C0%2C82%2C137%2C140%2C153%2C38%2C108%2C13%2C168 → 200 (31ms, 465852B)
[2026-04-28T05:35:36.519Z] GET https://geolocation.onetrust.com/cookieconsentpub/v1/geo/location → 200 (93ms, 77B)
[2026-04-28T05:35:36.522Z] GET https://static.zdassets.com/web_widget/classic/latest/web-widget-main-22a6ed7.js → 200 (101ms, 847017B)
[2026-04-28T05:35:36.612Z] GET https://cdn.cookielaw.org/scripttemplates/202511.1.0/otBannerSdk.js → 200 (100ms, 525881B)
[2026-04-28T05:35:36.688Z] GET https://static.zdassets.com/web_widget/classic/latest/web-widget-locales/classic/en-us-json-22a6ed7.js → 200 (59ms, 25883B)
[2026-04-28T05:35:36.688Z] GET https://corelogicpropertyresearch.zendesk.com/embeddable/config → 200 (134ms, 989B)
[2026-04-28T05:35:36.757Z] GET https://static.zdassets.com/web_widget/classic/latest/web-widget-chat-sdk-22a6ed7.js → 200 (93ms, 222455B)
[2026-04-28T05:35:36.802Z] GET https://cdn.cookielaw.org/consent/019b0e67-e66e-7518-9456-41775f77c9d0/019d8848-84d2-7b14-8def-f404049a17a8/en.json → 200 (54ms, 145695B)
[2026-04-28T05:35:36.863Z] GET https://snap.licdn.com/li.lms-analytics/insight.min.js → 200 (72ms, 53634B)
[2026-04-28T05:35:36.863Z] GET https://www.clarity.ms/tag/qtyuodfd5e → 200 (367ms, 707B)
[2026-04-28T05:35:36.863Z] GET https://js-ap1.hs-scripts.com/441896203.js → 200 (118ms, 2085B)
[2026-04-28T05:35:36.864Z] GET https://analytics.tiktok.com/i18n/pixel/events.js?sdkid=D3SPLR3C77U93U3T7SJ0&lib=ttq → 200 (339ms, 7862B)
[2026-04-28T05:35:36.896Z] GET https://bat.bing.com/bat.js → 200 (272ms, 55262B)
[2026-04-28T05:35:36.896Z] GET https://cdn.cookielaw.org/scripttemplates/202511.1.0/assets/otFloatingFlat.json → 200 (36ms, 10832B)
[2026-04-28T05:35:36.896Z] GET https://cdn.cookielaw.org/scripttemplates/202511.1.0/assets/v2/otPcCenter.json → 200 (37ms, 67556B)
[2026-04-28T05:35:36.896Z] GET https://cdn.cookielaw.org/scripttemplates/202511.1.0/assets/otCommonStyles.css → 200 (37ms, 26941B)
[2026-04-28T05:35:36.940Z] GET https://px.ads.linkedin.com/attribution_trigger?pid=478788&time=1777354536939&url=https%3A%2F%2Fwww.cotality.com%2Fau%2Fproducts%2Fcordell-connect&tm=gtmv2 → 200 (291ms, 2B)
[2026-04-28T05:35:36.940Z] GET https://px.ads.linkedin.com/collect?v=2&fmt=js&pid=478788&time=1777354536939&li_adsId=b927391a-f6e2-4509-8f2d-cf9043734b0d&url=https%3A%2F%2Fwww.cotality.com%2Fau%2Fproducts%2Fcordell-connect&tm=gtmv2 → 302 (298ms, ?B)
[2026-04-28T05:35:36.943Z] POST https://px.ads.linkedin.com/wa/?medium=fetch&fmt=g → pending (?ms, ?B)
[2026-04-28T05:35:36.954Z] GET https://cdn.cookielaw.org/logos/static/ot_guard_logo.svg → 200 (33ms, 497B)
[2026-04-28T05:35:36.958Z] GET https://cdn.cookielaw.org/logos/f8399b92-2777-4ba8-9000-71627d855176/0195cfa8-854f-7a34-ab89-016fa21639c7/f52165d8-7a8e-4bbd-be6a-ddd4f776af4c/logo.png → 200 (39ms, 2746B)
[2026-04-28T05:35:36.958Z] GET https://cdn.cookielaw.org/logos/static/powered_by_logo.svg → 200 (35ms, 5445B)
[2026-04-28T05:35:36.982Z] GET https://js-ap1.hs-banner.com/v2/441896203/banner.js → 200 (81ms, 74375B)
[2026-04-28T05:35:36.982Z] GET https://js-ap1.hubspot.com/web-interactives-embed.js → 200 (185ms, 97992B)
[2026-04-28T05:35:36.982Z] GET https://js-ap1.hs-analytics.net/analytics/1777353000000/441896203.js → 200 (185ms, 109549B)
[2026-04-28T05:35:36.982Z] GET https://js-ap1.hsadspixel.net/pixels.js → 200 (112ms, 7644B)
[2026-04-28T05:35:37.066Z] GET https://js-ap1.hs-banner.com/v2/cf-location → 200 (102ms, 2B)
[2026-04-28T05:35:37.192Z] GET https://static.zdassets.com/web_widget/classic/latest/web-widget-chat-incoming-message-notification-22a6ed7.js → 200 (40ms, 226B)
[2026-04-28T05:35:37.205Z] GET https://api-ap1.hubapi.com/hs-script-loader-public/v2/config/pixels-and-events/json?portalId=441896203 → pending (?ms, ?B)
[2026-04-28T05:35:37.225Z] GET https://track-ap1.hubspot.com/__ptq.gif?k=1&sd=1280x720&cd=24-bit&cs=UTF-8&ln=en-us&v=1.1&a=441896203&pu=https%3A%2F%2Fwww.cotality.com%2Fau%2Fproducts%2Fcordell-connect&t=Cordell+Connect+-+Construction+Intelligence+%7C+Cotality&cts=1777354537220&vi=b6526fc21b9aaefa83c1d4c1903f7d51&nc=true&u=8552554.b6526fc21b9aaefa83c1d4c1903f7d51.1777354537219.1777354537219.1777354537219.1&b=8552554.1.1777354537219&cc=15 → pending (?ms, ?B)
[2026-04-28T05:35:37.225Z] GET https://track-ap1.hubspot.com/__ptq.gif?k=15&fi=7de1d3f2-0523-43ad-8706-e7528a379ed8&fci=04830af5-2373-494c-bd4a-db2ed4d3488a&ft=0&sd=1280x720&cd=24-bit&cs=UTF-8&ln=en-us&v=1.1&a=441896203&pu=https%3A%2F%2Fwww.cotality.com%2Fau%2Fproducts%2Fcordell-connect&t=Cordell+Connect+-+Construction+Intelligence+%7C+Cotality&cts=1777354537221&vi=b6526fc21b9aaefa83c1d4c1903f7d51&nc=true&u=8552554.b6526fc21b9aaefa83c1d4c1903f7d51.1777354537219.1777354537219.1777354537219.1&b=8552554.1.1777354537219&cc=15 → pending (?ms, ?B)
[2026-04-28T05:35:37.229Z] GET https://bat.bing.com/p/action/187068850.js → pending (?ms, ?B)
[2026-04-28T05:35:37.230Z] GET https://cta-ap1.hubspot.com/web-interactives/public/v1/embed/combinedConfigs?portalId=441896203&currentUrl=https%3A%2F%2Fwww.cotality.com%2Fau%2Fproducts%2Fcordell-connect&utk=b6526fc21b9aaefa83c1d4c1903f7d51&__hstc=8552554.b6526fc21b9aaefa83c1d4c1903f7d51.1777354537219.1777354537219.1777354537219.1&__hssc=8552554.1.1777354537219 → pending (?ms, ?B)
[2026-04-28T05:35:37.231Z] GET https://analytics.tiktok.com/i18n/pixel/static/main.MWE0ZWQ3ZWQwMA.js → pending (?ms, ?B)
[2026-04-28T05:35:37.237Z] GET https://static.zdassets.com/web_widget/classic/latest/fda6cd35495c75f83508d9d2e77ee33d.mp3 → pending (?ms, ?B)
[2026-04-28T05:35:37.238Z] GET https://px.ads.linkedin.com/collect?v=2&fmt=js&pid=478788&time=1777354536939&li_adsId=b927391a-f6e2-4509-8f2d-cf9043734b0d&url=https%3A%2F%2Fwww.cotality.com%2Fau%2Fproducts%2Fcordell-connect&tm=gtmv2&cookiesTest=true → pending (?ms, ?B)
[2026-04-28T05:35:37.239Z] GET https://scripts.clarity.ms/0.8.59/clarity.js → pending (?ms, ?B)
[2026-04-28T05:35:37.239Z] GET https://c.clarity.ms/c.gif → pending (?ms, ?B)
[2026-04-28T05:35:37.385Z] POST https://www.google-analytics.com/g/collect?v=2&tid=G-CJC17HB9K1&gtm=45je64o1h1v9207196385z89206206095za20gzb9206206095zd9206206095&_p=1777354535719&gcs=G111&gcd=13t3t3t3t5l1&npa=0&dma=0&gdid=dYWJhMj&ecid=687825418&_eu=AAAAAAAC&are=1&cid=1943086677.1777354537&frm=0&pscdl=noapi&rcb=14&sr=1280x720&uaa=x86&uab=64&uafvl=Not%253AA-Brand%3B99.0.0.0%7CHeadlessChrome%3B145.0.7632.6%7CChromium%3B145.0.7632.6&uam=&uamb=0&uap=Linux&uapv=&uaw=0&ul=en-us&_s=1&tag_exp=0~115938465~115938469~117266401~117512543~118463262&sid=1777354536&sct=1&seg=0&dl=https%3A%2F%2Fwww.cotality.com%2Fau%2Fproducts%2Fcordell-connect&dt=Cordell%20Connect%20-%20Construction%20Intelligence%20%7C%20Cotality&_tu=CA&en=page_view&_fv=1&_nsi=1&_ss=1&tfd=1992 → 204 (268ms, ?B)
[2026-04-28T05:35:37.413Z] GET https://googleads.g.doubleclick.net/pagead/viewthroughconversion/10860753750/?random=1777354536724&cv=11&fst=1777354536724&bg=ffffff&guid=ON&async=1&en=gtag.config&gtm=45je64o1h1v9207196385z89206206095za20gzb9206206095zd9206206095xec&gcd=13t3t3t3t5l1&dma=0&tag_exp=0~115938465~115938469~117266401~117512543~118463262&u_w=1280&u_h=720&url=https%3A%2F%2Fwww.cotality.com%2Fau%2Fproducts%2Fcordell-connect&rcb=14&frm=0&tiba=Cordell%20Connect%20-%20Construction%20Intelligence%20%7C%20Cotality&did=dYWJhMj&gdid=dYWJhMj&hn=www.googleadservices.com&npa=0&pscdl=noapi&auid=1825709704.1777354537&uaa=x86&uab=64&uafvl=Not%253AA-Brand%3B99.0.0.0%7CHeadlessChrome%3B145.0.7632.6%7CChromium%3B145.0.7632.6&uamb=0&uam=&uap=Linux&uapv=&uaw=0&data=event%3Dgtag.config&rfmt=3&fmt=4 → 200 (259ms, 5622B)
[2026-04-28T05:35:37.413Z] POST https://www.google.com/rmkt/collect/10860753750/?random=1777354536724&cv=11&fst=1777354536724&fmt=8&bg=ffffff&guid=ON&async=1&en=gtag.config&gtm=45je64o1h1v9207196385z89206206095za20gzb9206206095zd9206206095xec&gcd=13t3t3t3t5l1&dma=0&tag_exp=0~115938465~115938469~117266401~117512543~118463262&u_w=1280&u_h=720&url=https%3A%2F%2Fwww.cotality.com%2Fau%2Fproducts%2Fcordell-connect&rcb=14&frm=0&tiba=Cordell%20Connect%20-%20Construction%20Intelligence%20%7C%20Cotality&did=dYWJhMj&gdid=dYWJhMj&hn=www.googleadservices.com&npa=0&pscdl=noapi&auid=1825709704.1777354537&uaa=x86&uab=64&uafvl=Not%253AA-Brand%3B99.0.0.0%7CHeadlessChrome%3B145.0.7632.6%7CChromium%3B145.0.7632.6&uamb=0&uam=&uap=Linux&uapv=&uaw=0&data=event%3Dgtag.config&gcp=5 → 200 (243ms, ?B)
[2026-04-28T05:35:37.413Z] GET https://googleads.g.doubleclick.net/pagead/viewthroughconversion/937293717/?random=1777354536812&cv=11&fst=1777354536812&bg=ffffff&guid=ON&async=1&en=gtag.config&gtm=45be64o1h1v9213821806z89206206095za20gzb9206206095zd9206206095xec&gcd=13t3t3t3t5l1&dma=0&tag_exp=0~115938465~115938469~117266401&u_w=1280&u_h=720&url=https%3A%2F%2Fwww.cotality.com%2Fau%2Fproducts%2Fcordell-connect&rcb=9&frm=0&tiba=Cordell%20Connect%20-%20Construction%20Intelligence%20%7C%20Cotality&did=dYWJhMj&gdid=dYWJhMj&hn=www.googleadservices.com&npa=0&pscdl=noapi&auid=1825709704.1777354537&uaa=x86&uab=64&uafvl=Not%253AA-Brand%3B99.0.0.0%7CHeadlessChrome%3B145.0.7632.6%7CChromium%3B145.0.7632.6&uamb=0&uam=&uap=Linux&uapv=&uaw=0&_tu=CA&data=event%3Dgtag.config&rfmt=3&fmt=4 → 200 (265ms, 5510B)
[2026-04-28T05:35:37.413Z] POST https://www.google.com/rmkt/collect/937293717/?random=1777354536812&cv=11&fst=1777354536812&fmt=8&bg=ffffff&guid=ON&async=1&en=gtag.config&gtm=45be64o1h1v9213821806z89206206095za20gzb9206206095zd9206206095xec&gcd=13t3t3t3t5l1&dma=0&tag_exp=0~115938465~115938469~117266401&u_w=1280&u_h=720&url=https%3A%2F%2Fwww.cotality.com%2Fau%2Fproducts%2Fcordell-connect&rcb=9&frm=0&tiba=Cordell%20Connect%20-%20Construction%20Intelligence%20%7C%20Cotality&did=dYWJhMj&gdid=dYWJhMj&hn=www.googleadservices.com&npa=0&pscdl=noapi&auid=1825709704.1777354537&uaa=x86&uab=64&uafvl=Not%253AA-Brand%3B99.0.0.0%7CHeadlessChrome%3B145.0.7632.6%7CChromium%3B145.0.7632.6&uamb=0&uam=&uap=Linux&uapv=&uaw=0&_tu=CA&data=event%3Dgtag.config&gcp=5 → 200 (249ms, ?B)
[2026-04-28T05:35:37.413Z] GET https://googleads.g.doubleclick.net/pagead/viewthroughconversion/937293717/?random=1777354536813&cv=11&fst=1777354536813&bg=ffffff&guid=ON&async=1&gtm=45be64o1h1v9213821806z89206206095za20gzb9206206095zd9206206095xea&gcd=13t3t3t3t5l1&dma=0&tag_exp=0~115938465~115938469~117266401&u_w=1280&u_h=720&url=https%3A%2F%2Fwww.cotality.com%2Fau%2Fproducts%2Fcordell-connect&rcb=9&frm=0&tiba=Cordell%20Connect%20-%20Construction%20Intelligence%20%7C%20Cotality&did=dYWJhMj&gdid=dYWJhMj&hn=www.googleadservices.com&npa=0&pscdl=noapi&auid=1825709704.1777354537&uaa=x86&uab=64&uafvl=Not%253AA-Brand%3B99.0.0.0%7CHeadlessChrome%3B145.0.7632.6%7CChromium%3B145.0.7632.6&uamb=0&uam=&uap=Linux&uapv=&uaw=0&rfmt=3&fmt=4 → 200 (263ms, 5378B)
[2026-04-28T05:35:37.413Z] POST https://www.google.com/rmkt/collect/937293717/?random=1777354536813&cv=11&fst=1777354536813&fmt=8&bg=ffffff&guid=ON&async=1&gtm=45be64o1h1v9213821806z89206206095za20gzb9206206095zd9206206095xea&gcd=13t3t3t3t5l1&dma=0&tag_exp=0~115938465~115938469~117266401&u_w=1280&u_h=720&url=https%3A%2F%2Fwww.cotality.com%2Fau%2Fproducts%2Fcordell-connect&rcb=9&frm=0&tiba=Cordell%20Connect%20-%20Construction%20Intelligence%20%7C%20Cotality&did=dYWJhMj&gdid=dYWJhMj&hn=www.googleadservices.com&npa=0&pscdl=noapi&auid=1825709704.1777354537&uaa=x86&uab=64&uafvl=Not%253AA-Brand%3B99.0.0.0%7CHeadlessChrome%3B145.0.7632.6%7CChromium%3B145.0.7632.6&uamb=0&uam=&uap=Linux&uapv=&uaw=0&gcp=5 → 200 (243ms, ?B)
[2026-04-28T05:35:37.413Z] POST https://www.google.com/ccm/collect?rcb=8&frm=0&ae=g&en=page_view&dl=https%3A%2F%2Fwww.cotality.com%2Fau%2Fproducts%2Fcordell-connect&scrsrc=www.googletagmanager.com&rnd=1362767159.1777354537&dt=Cordell%20Connect%20-%20Construction%20Intelligence%20%7C%20Cotality&auid=1825709704.1777354537&navt=n&npa=0&ep.ads_data_redaction=0&gdid=dYWJhMj&gtm=45He64o1h1v9206206095za200zd9206206095xea&gcs=G111&gcd=13t3t3t3t5l1&dma=0&tag_exp=0~115938465~115938468~117266401&apve=1&apvf=f&apvc=1&tft=1777354537411&tfd=2022 → 200 (283ms, ?B)
[2026-04-28T05:35:37.413Z] POST https://www.google.com/ccm/collect?rcb=14&frm=0&en=page_view&dl=https%3A%2F%2Fwww.cotality.com%2Fau%2Fproducts%2Fcordell-connect&scrsrc=www.googletagmanager.com&rnd=1362767159.1777354537&dt=Cordell%20Connect%20-%20Construction%20Intelligence%20%7C%20Cotality&auid=1825709704.1777354537&navt=n&npa=0&did=dYWJhMj&gdid=dYWJhMj&gtm=45je64o1h1v9207196385z89206206095za20gzb9206206095zd9206206095xec&gcs=G111&gcd=13t3t3t3t5l1&dma=0&tag_exp=0~115938465~115938469~117266401~117512543~118463262&apve=1&apvf=f&apvc=0&tids=AW-10860753750&tid=AW-10860753750&tft=1777354537412&tfd=2023 → 200 (283ms, ?B)
[2026-04-28T05:35:37.413Z] POST https://www.google.com/ccm/collect?rcb=9&frm=0&en=page_view&dl=https%3A%2F%2Fwww.cotality.com%2Fau%2Fproducts%2Fcordell-connect&scrsrc=www.googletagmanager.com&rnd=1362767159.1777354537&dt=Cordell%20Connect%20-%20Construction%20Intelligence%20%7C%20Cotality&auid=1825709704.1777354537&navt=n&npa=0&did=dYWJhMj&gdid=dYWJhMj&_tu=CA&gtm=45be64o1h1v9213821806z89206206095za20gzb9206206095zd9206206095xec&gcs=G111&gcd=13t3t3t3t5l1&dma=0&tag_exp=0~115938465~115938469~117266401&apve=1&apvf=f&apvc=0&tids=AW-937293717&tid=AW-937293717&tft=1777354537412&tfd=2023 → 200 (283ms, ?B)
[2026-04-28T05:35:37.413Z] POST https://www.google.com/ccm/collect?rcb=9&frm=0&ae=g&dl=https%3A%2F%2Fwww.cotality.com%2Fau%2Fproducts%2Fcordell-connect&scrsrc=www.googletagmanager.com&rnd=1362767159.1777354537&dt=Cordell%20Connect%20-%20Construction%20Intelligence%20%7C%20Cotality&auid=1825709704.1777354537&navt=n&npa=0&did=dYWJhMj&gdid=dYWJhMj&gtm=45be64o1h1v9213821806z89206206095za20gzb9206206095zd9206206095xea&gcs=G111&gcd=13t3t3t3t5l1&dma=0&tag_exp=0~115938465~115938469~117266401&apve=1&apvf=f&apvc=0&tids=AW-937293717&tid=AW-937293717&tft=1777354537412&tfd=2023 → 200 (285ms, ?B)
[2026-04-28T05:35:37.416Z] GET https://connect.facebook.net/signals/config/223906424702505?v=2.9.308&r=stable&domain=www.cotality.com&hme=97937018cefade17726f0472876fc101316b2ce9008a35a6a5a7977d7436151a&ex_m=104%2C205%2C154%2C22%2C72%2C73%2C145%2C68%2C67%2C11%2C162%2C90%2C16%2C138%2C127%2C39%2C75%2C78%2C134%2C159%2C164%2C8%2C4%2C5%2C7%2C6%2C3%2C91%2C101%2C165%2C170%2C219%2C62%2C186%2C187%2C55%2C276%2C30%2C74%2C231%2C230%2C229%2C23%2C33%2C103%2C61%2C10%2C63%2C97%2C98%2C99%2C105%2C130%2C31%2C29%2C132%2C133%2C129%2C128%2C155%2C76%2C158%2C156%2C157%2C50%2C60%2C123%2C15%2C161%2C45%2C263%2C264%2C262%2C26%2C27%2C28%2C48%2C146%2C77%2C112%2C18%2C20%2C44%2C40%2C42%2C41%2C83%2C92%2C96%2C110%2C144%2C147%2C46%2C111%2C24%2C21%2C119%2C69%2C36%2C149%2C148%2C150%2C141%2C139%2C25%2C35%2C59%2C109%2C160%2C70%2C17%2C152%2C114%2C81%2C66%2C19%2C85%2C86%2C116%2C84%2C136%2C135%2C34%2C278%2C293%2C212%2C201%2C202%2C200%2C296%2C288%2C52%2C213%2C107%2C131%2C80%2C121%2C54%2C47%2C49%2C113%2C120%2C126%2C58%2C64%2C151%2C115%2C37%2C32%2C53%2C56%2C100%2C163%2C1%2C124%2C14%2C122%2C12%2C2%2C57%2C93%2C65%2C118%2C89%2C88%2C166%2C167%2C94%2C95%2C9%2C125%2C102%2C51%2C142%2C87%2C79%2C71%2C117%2C106%2C43%2C143%2C0%2C82%2C137%2C140%2C153%2C38%2C108%2C13%2C168%2C228%2C227%2C222%2C224%2C225%2C226%2C223%2C211%2C221%2C233%2C193%2C190%2C191%2C185%2C189%2C192%2C188%2C183%2C316%2C255%2C257%2C258%2C259%2C256%2C260%2C204%2C254%2C196%2C215%2C184%2C182%2C210%2C235%2C206%2C176%2C177%2C172%2C178%2C175%2C173%2C174%2C171%2C169%2C180%2C181%2C179%2C265%2C315%2C194%2C238%2C239%2C244%2C241%2C243%2C242%2C240%2C237%2C252%2C248%2C249%2C247%2C253%2C250%2C246%2C251%2C245 → 200 (22ms, 16520B)
[2026-04-28T05:35:37.438Z] GET https://perf-ap1.hsforms.com/embed/v3/counters.gif?key=config-loaded-success&value=1 → 200 (124ms, 35B)
[2026-04-28T05:35:37.483Z] GET https://analytics.tiktok.com/i18n/pixel/static/identify_5cff1caf.js → 200 (44ms, 155651B)
[2026-04-28T05:35:37.483Z] POST https://analytics-ipv6.tiktokw.us/ipv6/enrich_ipv6 → 200 (315ms, ?B)
[2026-04-28T05:35:37.483Z] POST https://analytics.tiktok.com/api/v2/pixel → 200 (519ms, ?B)
[2026-04-28T05:35:37.484Z] POST https://analytics.tiktok.com/api/v2/pixel → 200 (286ms, ?B)
[2026-04-28T05:35:37.484Z] GET https://www.linkedin.com/px/li_sync?redirect=https%3A%2F%2Fpx.ads.linkedin.com%2Fcollect%3Fv%3D2%26fmt%3Djs%26pid%3D478788%26time%3D1777354536939%26li_adsId%3Db927391a-f6e2-4509-8f2d-cf9043734b0d%26url%3Dhttps%253A%252F%252Fwww.cotality.com%252Fau%252Fproducts%252Fcordell-connect%26tm%3Dgtmv2%26cookiesTest%3Dtrue%26liSync%3Dtrue → 302 (354ms, ?B)
[2026-04-28T05:35:37.535Z] GET https://bat.bing.com/action/0?ti=187068850&tm=gtm002&Ver=2&mid=6c9df032-3a72-4635-bc74-a73897bf9892&bo=1&sid=16002fc042c411f1a819d33cb9b73ce2&vid=1600703042c411f1bec42307f85d4fe4&vids=1&msclkid=N&pi=0&lg=en-US&sw=1280&sh=720&sc=24&nwd=1&tl=Cordell%20Connect%20-%20Construction%20Intelligence%20%7C%20Cotality&p=https%3A%2F%2Fwww.cotality.com%2Fau%2Fproducts%2Fcordell-connect&r=&lt=1460&evt=pageLoad&sv=2&cdb=AQET&rn=397157 → 204 (169ms, ?B)
[2026-04-28T05:35:37.562Z] GET https://c.bing.com/c.gif?ctsa=mr&CtsSyncId=83E7AEB198EC403A8118317A270CC310&RedC=c.clarity.ms&MXFR=035BCEE5FFDF6B593282D9ACFBDF6576 → 302 (187ms, ?B)
[2026-04-28T05:35:37.612Z] POST https://n.clarity.ms/collect → pending (?ms, ?B)
[2026-04-28T05:35:37.673Z] GET https://www.google.com/pagead/1p-user-list/10860753750/?random=1777354536724&cv=11&fst=1777352400000&bg=ffffff&guid=ON&async=1&en=gtag.config&gtm=45je64o1h1v9207196385z89206206095za20gzb9206206095zd9206206095xec&gcd=13t3t3t3t5l1&dma=0&tag_exp=0~115938465~115938469~117266401~117512543~118463262&u_w=1280&u_h=720&url=https%3A%2F%2Fwww.cotality.com%2Fau%2Fproducts%2Fcordell-connect&rcb=14&frm=0&tiba=Cordell%20Connect%20-%20Construction%20Intelligence%20%7C%20Cotality&did=dYWJhMj&gdid=dYWJhMj&hn=www.googleadservices.com&npa=0&pscdl=noapi&auid=1825709704.1777354537&uaa=x86&uab=64&uafvl=Not%253AA-Brand%3B99.0.0.0%7CHeadlessChrome%3B145.0.7632.6%7CChromium%3B145.0.7632.6&uamb=0&uam=&uap=Linux&uapv=&uaw=0&data=event%3Dgtag.config&rfmt=3&fmt=3&is_vtc=1&cid=CAQS0wEABaugfanee-baEzkC1cHFcwXdQNhwfHDM0uCAfIB_ZR0KIgnR4_KLEf0N-fgoaPn1nm-jVaOhj8oc_f-kw3t8XLqU08Eg-velTrxN0f1NYNiu5NQytiBUIh3iXv6AndQQUitR4CHqYZWM11sueK-5qj2R_CYx-vJONftEKELEKx7MYOKJEP5G5fgsv-X8J3iZaNDVLg9CRrNRbI4r3lqM-UIBUJltSlK7WffhHPNN1SD9BTIlyQhXeXaOpjmGLTadN9_H0Lk69WYiazEr88POw_-r&random=3822958164&rmt_tld=0&ipr=y → 200 (127ms, 42B)
[2026-04-28T05:35:37.673Z] GET https://www.google.com.au/pagead/1p-user-list/10860753750/?random=1777354536724&cv=11&fst=1777352400000&bg=ffffff&guid=ON&async=1&en=gtag.config&gtm=45je64o1h1v9207196385z89206206095za20gzb9206206095zd9206206095xec&gcd=13t3t3t3t5l1&dma=0&tag_exp=0~115938465~115938469~117266401~117512543~118463262&u_w=1280&u_h=720&url=https%3A%2F%2Fwww.cotality.com%2Fau%2Fproducts%2Fcordell-connect&rcb=14&frm=0&tiba=Cordell%20Connect%20-%20Construction%20Intelligence%20%7C%20Cotality&did=dYWJhMj&gdid=dYWJhMj&hn=www.googleadservices.com&npa=0&pscdl=noapi&auid=1825709704.1777354537&uaa=x86&uab=64&uafvl=Not%253AA-Brand%3B99.0.0.0%7CHeadlessChrome%3B145.0.7632.6%7CChromium%3B145.0.7632.6&uamb=0&uam=&uap=Linux&uapv=&uaw=0&data=event%3Dgtag.config&rfmt=3&fmt=3&is_vtc=1&cid=CAQS0wEABaugfanee-baEzkC1cHFcwXdQNhwfHDM0uCAfIB_ZR0KIgnR4_KLEf0N-fgoaPn1nm-jVaOhj8oc_f-kw3t8XLqU08Eg-velTrxN0f1NYNiu5NQytiBUIh3iXv6AndQQUitR4CHqYZWM11sueK-5qj2R_CYx-vJONftEKELEKx7MYOKJEP5G5fgsv-X8J3iZaNDVLg9CRrNRbI4r3lqM-UIBUJltSlK7WffhHPNN1SD9BTIlyQhXeXaOpjmGLTadN9_H0Lk69WYiazEr88POw_-r&random=3822958164&rmt_tld=1&ipr=y → 200 (278ms, 42B)
[2026-04-28T05:35:37.677Z] GET https://www.google.com/pagead/1p-user-list/937293717/?random=1777354536813&cv=11&fst=1777352400000&bg=ffffff&guid=ON&async=1&gtm=45be64o1h1v9213821806z89206206095za20gzb9206206095zd9206206095xea&gcd=13t3t3t3t5l1&dma=0&tag_exp=0~115938465~115938469~117266401&u_w=1280&u_h=720&url=https%3A%2F%2Fwww.cotality.com%2Fau%2Fproducts%2Fcordell-connect&rcb=9&frm=0&tiba=Cordell%20Connect%20-%20Construction%20Intelligence%20%7C%20Cotality&did=dYWJhMj&gdid=dYWJhMj&hn=www.googleadservices.com&npa=0&pscdl=noapi&auid=1825709704.1777354537&uaa=x86&uab=64&uafvl=Not%253AA-Brand%3B99.0.0.0%7CHeadlessChrome%3B145.0.7632.6%7CChromium%3B145.0.7632.6&uamb=0&uam=&uap=Linux&uapv=&uaw=0&rfmt=3&fmt=3&is_vtc=1&cid=CAQSsAEABaugfdKlZp5wCAqmCZBTPNP0Gtekx3i008AxEtxb-p_0Hpzs7lO8XnN5b7Qcs0Qm18WwD8vGNCkstiqgG2fKBXLg7ZuGzxUGtYaTXIV4aO2K1HPNrRNp8U4n9pm05YgJDuv6-trDWRSZxr_giVZhPaQeo20H3Ou73y5e9K5W-epE-x_dx2BTxDlvDTZz6lTVUc61wjpnVO7f0mbiL7n5aFKfIWwbBZ35AydlPw6puA&random=796840746&rmt_tld=0&ipr=y → 200 (126ms, 42B)
[2026-04-28T05:35:37.677Z] GET https://www.google.com.au/pagead/1p-user-list/937293717/?random=1777354536813&cv=11&fst=1777352400000&bg=ffffff&guid=ON&async=1&gtm=45be64o1h1v9213821806z89206206095za20gzb9206206095zd9206206095xea&gcd=13t3t3t3t5l1&dma=0&tag_exp=0~115938465~115938469~117266401&u_w=1280&u_h=720&url=https%3A%2F%2Fwww.cotality.com%2Fau%2Fproducts%2Fcordell-connect&rcb=9&frm=0&tiba=Cordell%20Connect%20-%20Construction%20Intelligence%20%7C%20Cotality&did=dYWJhMj&gdid=dYWJhMj&hn=www.googleadservices.com&npa=0&pscdl=noapi&auid=1825709704.1777354537&uaa=x86&uab=64&uafvl=Not%253AA-Brand%3B99.0.0.0%7CHeadlessChrome%3B145.0.7632.6%7CChromium%3B145.0.7632.6&uamb=0&uam=&uap=Linux&uapv=&uaw=0&rfmt=3&fmt=3&is_vtc=1&cid=CAQSsAEABaugfdKlZp5wCAqmCZBTPNP0Gtekx3i008AxEtxb-p_0Hpzs7lO8XnN5b7Qcs0Qm18WwD8vGNCkstiqgG2fKBXLg7ZuGzxUGtYaTXIV4aO2K1HPNrRNp8U4n9pm05YgJDuv6-trDWRSZxr_giVZhPaQeo20H3Ou73y5e9K5W-epE-x_dx2BTxDlvDTZz6lTVUc61wjpnVO7f0mbiL7n5aFKfIWwbBZ35AydlPw6puA&random=796840746&rmt_tld=1&ipr=y → 200 (263ms, 42B)
[2026-04-28T05:35:37.678Z] GET https://www.google.com/pagead/1p-user-list/937293717/?random=1777354536812&cv=11&fst=1777352400000&bg=ffffff&guid=ON&async=1&en=gtag.config&gtm=45be64o1h1v9213821806z89206206095za20gzb9206206095zd9206206095xec&gcd=13t3t3t3t5l1&dma=0&tag_exp=0~115938465~115938469~117266401&u_w=1280&u_h=720&url=https%3A%2F%2Fwww.cotality.com%2Fau%2Fproducts%2Fcordell-connect&rcb=9&frm=0&tiba=Cordell%20Connect%20-%20Construction%20Intelligence%20%7C%20Cotality&did=dYWJhMj&gdid=dYWJhMj&hn=www.googleadservices.com&npa=0&pscdl=noapi&auid=1825709704.1777354537&uaa=x86&uab=64&uafvl=Not%253AA-Brand%3B99.0.0.0%7CHeadlessChrome%3B145.0.7632.6%7CChromium%3B145.0.7632.6&uamb=0&uam=&uap=Linux&uapv=&uaw=0&_tu=CA&data=event%3Dgtag.config&rfmt=3&fmt=3&is_vtc=1&cid=CAQSsAEABaugff6dQe-jqAKVxM1gXtGr2xAWvGX0e0z7RLIrOhTuGXF6-IumxQZy1I8tfIZET3vQyIb4TgvD_KxCGCWPmGo5QP8Nx3Mv_KTw7BCIMcbNjb3e-k6g8FBlryGkgXHOBhV8LEM_hb8m8xQv3MNYYlUW7PVjPFqakPpqH-JrSMaMnXn2lU25aT4YUxOeyxLIj_76hkmt4y3pYK_GNZvtrpbDHNZ9_DiJGLA6N-pSKg&random=1097688479&rmt_tld=0&ipr=y → 200 (122ms, 42B)
[2026-04-28T05:35:37.678Z] GET https://www.google.com.au/pagead/1p-user-list/937293717/?random=1777354536812&cv=11&fst=1777352400000&bg=ffffff&guid=ON&async=1&en=gtag.config&gtm=45be64o1h1v9213821806z89206206095za20gzb9206206095zd9206206095xec&gcd=13t3t3t3t5l1&dma=0&tag_exp=0~115938465~115938469~117266401&u_w=1280&u_h=720&url=https%3A%2F%2Fwww.cotality.com%2Fau%2Fproducts%2Fcordell-connect&rcb=9&frm=0&tiba=Cordell%20Connect%20-%20Construction%20Intelligence%20%7C%20Cotality&did=dYWJhMj&gdid=dYWJhMj&hn=www.googleadservices.com&npa=0&pscdl=noapi&auid=1825709704.1777354537&uaa=x86&uab=64&uafvl=Not%253AA-Brand%3B99.0.0.0%7CHeadlessChrome%3B145.0.7632.6%7CChromium%3B145.0.7632.6&uamb=0&uam=&uap=Linux&uapv=&uaw=0&_tu=CA&data=event%3Dgtag.config&rfmt=3&fmt=3&is_vtc=1&cid=CAQSsAEABaugff6dQe-jqAKVxM1gXtGr2xAWvGX0e0z7RLIrOhTuGXF6-IumxQZy1I8tfIZET3vQyIb4TgvD_KxCGCWPmGo5QP8Nx3Mv_KTw7BCIMcbNjb3e-k6g8FBlryGkgXHOBhV8LEM_hb8m8xQv3MNYYlUW7PVjPFqakPpqH-JrSMaMnXn2lU25aT4YUxOeyxLIj_76hkmt4y3pYK_GNZvtrpbDHNZ9_DiJGLA6N-pSKg&random=1097688479&rmt_tld=1&ipr=y → 200 (263ms, 42B)
[2026-04-28T05:35:37.750Z] GET https://c.clarity.ms/c.gif?ctsa=mr&CtsSyncId=83E7AEB198EC403A8118317A270CC310&MUID=064D2BCCEACC661E1E183C85EB9867B9 → pending (?ms, ?B)
[2026-04-28T05:35:37.751Z] POST https://analytics.tiktok.com/api/v2/pixel/act → 200 (290ms, ?B)
[2026-04-28T05:35:37.838Z] GET https://px.ads.linkedin.com/collect?v=2&fmt=js&pid=478788&time=1777354536939&li_adsId=b927391a-f6e2-4509-8f2d-cf9043734b0d&url=https%3A%2F%2Fwww.cotality.com%2Fau%2Fproducts%2Fcordell-connect&tm=gtmv2&cookiesTest=true&liSync=true → 200 (241ms, ?B)
[2026-04-28T05:35:38.613Z] POST https://n.clarity.ms/collect → 204 (76ms, ?B)
[2026-04-28T05:35:42.385Z] POST https://www.google-analytics.com/g/collect?v=2&tid=G-CJC17HB9K1&gtm=45je64o1h1v9207196385z89206206095za20gzb9206206095zd9206206095&_p=1777354535719&gcs=G111&gcd=13t3t3t3t5l1&npa=0&dma=0&gdid=dYWJhMj&ecid=687825418&_eu=AAAAAAQC&are=1&cid=1943086677.1777354537&frm=0&pscdl=noapi&rcb=14&sr=1280x720&uaa=x86&uab=64&uafvl=Not%253AA-Brand%3B99.0.0.0%7CHeadlessChrome%3B145.0.7632.6%7CChromium%3B145.0.7632.6&uam=&uamb=0&uap=Linux&uapv=&uaw=0&ul=en-us&_s=2&tag_exp=0~115938465~115938469~117266401~117512543~118463262&sid=1777354536&sct=1&seg=0&dl=https%3A%2F%2Fwww.cotality.com%2Fau%2Fproducts%2Fcordell-connect&dt=Cordell%20Connect%20-%20Construction%20Intelligence%20%7C%20Cotality&en=page_context&ep.region=AU&ep.locale=en-au&ep.page_segment=&ep.page_type=Product&ep.intent=High&ep.platform=Webflow&_et=2&tfd=6995 → 204 (123ms, ?B)
[2026-04-28T05:35:42.883Z] GET https://cdn.prod.website-files.com/6798199a0c3b02c6826da654/695c23f8f22934b05ba6d01b_sign-in%20black.svg → 200 (37ms, 343B)
[2026-04-28T05:35:42.883Z] GET https://cdn.prod.website-files.com/6798199a0c3b02c6826da654/695c1e6b85addca945267e9d_support%20black.svg → 200 (41ms, 1412B)
[2026-04-28T05:35:42.883Z] GET https://cdn.prod.website-files.com/6798199a0c3b02c6826da654/67a1cd80d2f32256b8fe139f_Site_logo_light.svg → 200 (41ms, 7194B)
[2026-04-28T05:35:42.883Z] GET https://cdn.prod.website-files.com/6798199a0c3b02c6826da654/67a2f975f0c2ff59c5c61471_instagram.svg → 200 (43ms, 3070B)
[2026-04-28T05:35:42.883Z] GET https://cdn.prod.website-files.com/6798199a0c3b02c6826da654/67a2f9755caf98a232eda589_facebook.svg → 200 (43ms, 568B)
[2026-04-28T05:35:42.883Z] GET https://cdn.prod.website-files.com/6798199a0c3b02c6826da654/67a2f975bc7e5aaea2eb4457_linkedin.svg → 200 (38ms, 834B)
[2026-04-28T05:35:42.883Z] GET https://cdn.prod.website-files.com/6798199a0c3b02c6826da654/67a2f9753f175c0cc3f932cc_x.svg → 200 (42ms, 330B)
[2026-04-28T05:35:42.883Z] GET https://cdn.prod.website-files.com/6798199a0c3b02c6826da654/68ddd7e7be7ba43995b313e2_2fb7ba3010b0e0f96533159701a80824_spotify-white.svg → 200 (41ms, 984B)
[2026-04-28T05:35:42.883Z] GET https://cdn.prod.website-files.com/6798199a0c3b02c6826da654/69248f82936b139d17567161_Apple_Music_Icon_wht_sm_073120.svg → 200 (44ms, 2842B)
[2026-04-28T05:35:42.883Z] GET https://cdn.bfldr.com/AD2DW42M/at/5xpj5c65m4vmv9w9sxsh9rw/Cotality_Logo_Web.svg → 200 (17ms, 7195B)
[2026-04-28T05:35:42.883Z] GET https://cdn.bfldr.com/AD2DW42M/at/jjn57c6hptwsvng37mg4bqs/nav_icon_dropdown.svg → 200 (17ms, 174B)
[2026-04-28T05:35:42.883Z] GET https://bat.bing.com/action/0?ti=187068850&tm=gtm002&Ver=2&mid=6c9df032-3a72-4635-bc74-a73897bf9892&bo=1&sid=16002fc042c411f1a819d33cb9b73ce2&vid=1600703042c411f1bec42307f85d4fe4&vids=1&msclkid=N&pi=0&lg=en-US&sw=1280&sh=720&sc=24&nwd=1&tl=Cordell%20Connect%20-%20Construction%20Intelligence%20%7C%20Cotality&p=https%3A%2F%2Fwww.cotality.com%2Fau%2Fproducts%2Fcordell-connect&r=&lt=1460&evt=pageLoad&sv=2&cdb=AQET&rn=397157 → 204 (159ms, ?B)
[2026-04-28T05:35:42.883Z] GET https://cdn.bfldr.com/AD2DW42M/at/5wtq8jh9kbvwcnvr8v6f6vg/nav_icon_search.svg → 200 (17ms, 1024B)
[2026-04-28T05:35:42.883Z] GET https://cdn.bfldr.com/AD2DW42M/at/vwj9pkchwf2qvnrntnww57vc/GettyImages-656676779.jpg?format=jpg&crop=3530%2C3530%2Cx1401%2Cy56&width=1280&height=1280 → 200 (17ms, 289877B)
[2026-04-28T05:35:42.883Z] GET https://cdn.bfldr.com/AD2DW42M/at/v3v5gctsgkrskf7bmxkj66r/Cordell_Connect_cream_background_web_only.jpg?auto=webp&format=png → 200 (17ms, 181714B)
[2026-04-28T05:35:42.986Z] POST https://n.clarity.ms/collect → 204 (212ms, ?B)
[2026-04-28T05:35:47.484Z] POST https://analytics.tiktok.com/api/v2/pixel → 200 (301ms, ?B)
[2026-04-28T05:35:51.718Z] POST https://n.clarity.ms/collect → 204 (209ms, ?B)
[2026-04-28T05:35:56.873Z] GET https://cdn.prod.website-files.com/6798199a0c3b02c6826da654/68c2d45509c22b07a03d6c68_dropdown-open-black-2.svg → 200 (30ms, 205B)
[2026-04-28T05:35:56.873Z] GET https://cdn.prod.website-files.com/6798199a0c3b02c6826da654/695c245ee41abf242474e454_mobile-menu-arrow-blk.svg → 200 (37ms, 242B)
[2026-04-28T05:35:56.874Z] GET https://cdn.prod.website-files.com/6798199a0c3b02c6826da654/695c23fc36ae1ca7ada871d9_locale%20switcher%20black.svg → 200 (42ms, 3422B)
[2026-04-28T05:36:00.870Z] POST https://n.clarity.ms/collect → 204 (213ms, ?B)
[2026-04-28T05:36:03.468Z] GET https://www.bcicentral.com/au/ → pending (?ms, ?B)
[2026-04-28T05:36:04.315Z] GET https://www.bcicentral.com/projects/au-sunshine-private-hospital/ → pending (?ms, ?B)
[2026-04-28T05:36:05.592Z] GET https://www.bcicentral.com/wp-content/litespeed/css/728c9acb0114fa3f6763823ffe5a094f.css?ver=a062e → 200 (130ms, 116299B)
[2026-04-28T05:36:05.592Z] GET https://www.bcicentral.com/wp-content/litespeed/css/2af3da8cae7bf51ae446736dace5b1a2.css?ver=5b1a2 → 200 (142ms, 15980B)
[2026-04-28T05:36:05.592Z] GET https://www.bcicentral.com/wp-content/litespeed/css/0ff31de951edd6ac3251afea49e584ef.css?ver=c62fa → 200 (124ms, 25932B)
[2026-04-28T05:36:05.592Z] GET https://www.bcicentral.com/wp-content/litespeed/css/8b4def03f30e9c4764fa147265fb8d23.css?ver=2fe7f → 200 (128ms, 62360B)
[2026-04-28T05:36:05.592Z] GET https://www.bcicentral.com/wp-content/litespeed/css/48e7088b88119315573f6fdf0306af9a.css?ver=55176 → 200 (136ms, 11786B)
[2026-04-28T05:36:05.592Z] GET https://www.bcicentral.com/wp-content/litespeed/css/dcd2b7159734dabe02823d073ca30c68.css?ver=baea8 → 200 (142ms, 191415B)
[2026-04-28T05:36:05.592Z] GET https://www.bcicentral.com/wp-content/litespeed/css/a345a5e68d2d03d734388d3976a792b0.css?ver=8f15b → 200 (139ms, ?B)
[2026-04-28T05:36:05.592Z] GET https://www.bcicentral.com/wp-content/litespeed/css/b72859b3ecf5a89333da0fc59a7c125a.css?ver=c125a → 200 (127ms, 16095B)
[2026-04-28T05:36:05.592Z] GET https://www.bcicentral.com/wp-content/litespeed/css/a345a5e68d2d03d734388d3976a792b0.css?ver=33936 → 200 (139ms, ?B)
[2026-04-28T05:36:05.593Z] GET blob:https://www.bcicentral.com/507abe7e-44df-4769-b75c-0f36884dd642 → 200 (4ms, 1330B)
[2026-04-28T05:36:05.595Z] GET https://www.bcicentral.com/wp-includes/js/jquery/jquery.min.js?ver=3.7.1 → 200 (243ms, 87553B)
[2026-04-28T05:36:05.595Z] GET https://www.bcicentral.com/wp-includes/js/jquery/jquery-migrate.min.js?ver=3.4.1 → 200 (243ms, 13577B)
[2026-04-28T05:36:05.595Z] GET https://www.bcicentral.com/wp-content/litespeed/css/1a81e99d8b6c65fa1dc2b06c8a76813b.css?ver=6813b → 200 (157ms, 16263B)
[2026-04-28T05:36:05.595Z] GET https://www.googletagmanager.com/gtag/js?id=G-HH0TQ4PJXF → pending (?ms, ?B)
[2026-04-28T05:36:05.595Z] GET https://www.bcicentral.com/wp-content/uploads/2025/09/Red-Product-Tint.svg → 200 (157ms, 3095B)
[2026-04-28T05:36:05.595Z] GET https://www.bcicentral.com/wp-content/uploads/2025/09/Events.svg → 200 (157ms, 1726B)
[2026-04-28T05:36:05.595Z] GET https://www.bcicentral.com/wp-content/uploads/2025/09/Reports.svg → 200 (364ms, 843B)
[2026-04-28T05:36:05.602Z] GET https://www.bcicentral.com/wp-content/themes/pro-child/js/select2.min.js → 200 (366ms, 73163B)
[2026-04-28T05:36:05.602Z] GET https://js.hs-scripts.com/8993205.js → pending (?ms, ?B)
[2026-04-28T05:36:05.602Z] GET https://www.bcicentral.com/wp-content/plugins/geotargetingwp/addons/geo-redirects/public/img/loading.svg → 200 (415ms, 2047B)
[2026-04-28T05:36:05.602Z] GET https://www.bcicentral.com/wp-content/litespeed/css/4aa698566bfe8df51b3f518559d8f1fc.css?ver=42478 → 200 (380ms, 50229B)
[2026-04-28T05:36:05.602Z] GET https://www.bcicentral.com/wp-content/themes/pro/cornerstone/assets/js/site/cs-classic.7.8.5.js?ver=7.8.5 → 200 (409ms, 110114B)
[2026-04-28T05:36:05.602Z] GET https://www.bcicentral.com/wp-includes/js/dist/hooks.min.js?ver=4d63a3d491d11ffd8ac6 → 200 (383ms, 4776B)
[2026-04-28T05:36:05.602Z] GET https://www.bcicentral.com/wp-includes/js/dist/i18n.min.js?ver=5e580eb46a90c2b997e6 → 200 (385ms, 9141B)
[2026-04-28T05:36:05.602Z] GET https://www.bcicentral.com/wp-content/plugins/presto-player/dist/components/web-components/web-components.esm.js?ver=1776682813 → 200 (236ms, 7212B)
[2026-04-28T05:36:05.602Z] GET https://www.bcicentral.com/wp-content/themes/pro-child/style-block/script-block.js → 200 (385ms, 577B)
[2026-04-28T05:36:05.602Z] GET https://www.bcicentral.com/wp-content/plugins/geotargetingwp/public/js/geotarget-public.js?ver=3.5.4.6 → 200 (413ms, 24816B)
[2026-04-28T05:36:05.603Z] GET https://www.bcicentral.com/wp-content/plugins/geotargetingwp/public/js/min/selectize.min.js?ver=3.5.4.6 → 200 (416ms, 44228B)
[2026-04-28T05:36:05.603Z] GET https://js.hs-scripts.com/8993205.js?integration=WordPress&ver=11.3.45 → pending (?ms, ?B)
[2026-04-28T05:36:05.603Z] GET https://www.bcicentral.com/wp-content/plugins/revslider/sr6/assets/js/rbtools.min.js?ver=6.7.40 → pending (?ms, ?B)
[2026-04-28T05:36:05.603Z] GET https://www.bcicentral.com/wp-content/plugins/revslider/sr6/assets/js/rs6.min.js?ver=6.7.40 → pending (?ms, ?B)
[2026-04-28T05:36:05.603Z] GET https://cdn.jsdelivr.net/npm/select2@4.1.0-rc.0/dist/js/select2.min.js?ver=4.1.0-rc.0 → 200 (324ms, 73163B)
[2026-04-28T05:36:05.603Z] GET https://www.bcicentral.com/wp-content/themes/pro-child/js/select2-dropdownPosition.js → 200 (384ms, 2840B)
[2026-04-28T05:36:05.603Z] GET https://www.bcicentral.com/wp-content/themes/pro/framework/dist/js/site/x.js?ver=6.8.5 → pending (?ms, ?B)
[2026-04-28T05:36:05.603Z] GET https://www.bcicentral.com/wp-includes/js/comment-reply.min.js?ver=d4df5247e8e27240320e39cbd73b3802 → 200 (407ms, 3026B)
[2026-04-28T05:36:05.603Z] GET https://www.google.com/recaptcha/api.js?onload=c4wp_onloadCallback&render=explicit&hl=en&ver=7.6.0 → 200 (379ms, 1612B)
[2026-04-28T05:36:05.603Z] GET https://www.bcicentral.com/wp-content/plugins/advanced-nocaptcha-recaptcha/includes/methods/js/c4wp-v2_invisible.js?ver=7.6.0 → pending (?ms, ?B)
[2026-04-28T05:36:05.603Z] GET https://my.hellobar.com/7e7569cfcd5df5d6dd4c5c85b10a6d10264cb8b3.js → pending (?ms, ?B)
[2026-04-28T05:36:05.734Z] GET https://fonts.googleapis.com/css2?family=Playfair+Display:wght@600;700;800&family=Inter:wght@400;500;600;700&display=swap → 200 (116ms, 14801B)
[2026-04-28T05:36:05.895Z] GET https://s.adroll.com/j/HHW5ZW4PH5BVRJ4C665KRP/roundtrip.js → 200 (39ms, 113126B)
[2026-04-28T05:36:05.895Z] GET https://www.googletagmanager.com/gtm.js?id=GTM-NN663JD → pending (?ms, ?B)
[2026-04-28T05:36:05.896Z] GET https://www.bcicentral.com/wp-content/uploads/2025/11/Bauziet-Regular.woff2 → 200 (206ms, 33352B)
[2026-04-28T05:36:05.896Z] GET https://www.bcicentral.com/wp-content/themes/pro/cornerstone/assets/fonts/fa-regular-400.woff2?ver=6.7.2 → pending (?ms, ?B)
[2026-04-28T05:36:05.896Z] GET https://www.bcicentral.com/wp-content/uploads/2025/11/Bauziet-Semibold.woff2 → 200 (325ms, 34712B)
[2026-04-28T05:36:05.896Z] GET https://www.bcicentral.com/wp-content/themes/pro/cornerstone/assets/fonts/fa-solid-900.woff2?ver=6.7.2 → pending (?ms, ?B)
[2026-04-28T05:36:05.897Z] GET https://www.bcicentral.com/wp-content/uploads/2021/03/downarrow.png → 200 (177ms, ?B)
[2026-04-28T05:36:05.897Z] GET https://www.bcicentral.com/wp-content/uploads/2025/12/LeadManager-Pluses-Template-6.svg → 200 (274ms, ?B)
[2026-04-28T05:36:05.897Z] GET https://www.bcicentral.com/wp-content/uploads/2025/12/new-logo-hubexo-plum.svg → 200 (177ms, ?B)
[2026-04-28T05:36:05.914Z] GET https://www.bcicentral.com/assets/images/arrow-down-3101.svg → pending (?ms, ?B)
[2026-04-28T05:36:05.914Z] GET https://www.bcicentral.com/wp-content/themes/pro/cornerstone/assets/fonts/fa-brands-400.woff2?ver=6.7.2 → pending (?ms, ?B)
[2026-04-28T05:36:05.973Z] GET https://snap.licdn.com/li.lms-analytics/insight.min.js → 200 (2ms, 53634B)
[2026-04-28T05:36:05.973Z] GET https://ws.zoominfo.com/pixel/63d864231e1b0359a71249cf → pending (?ms, ?B)
[2026-04-28T05:36:05.979Z] GET https://px.ads.linkedin.com/attribution_trigger?pid=3706340&time=1777354565976&url=https%3A%2F%2Fwww.bcicentral.com%2Fprojects%2Fau-sunshine-private-hospital%2F → 200 (248ms, 2B)
[2026-04-28T05:36:05.979Z] GET https://px.ads.linkedin.com/collect?v=2&fmt=js&pid=3706340&time=1777354565976&li_adsId=32a94c38-bea3-46be-89aa-4d0e8e107d34&url=https%3A%2F%2Fwww.bcicentral.com%2Fprojects%2Fau-sunshine-private-hospital%2F → 200 (247ms, ?B)
[2026-04-28T05:36:06.020Z] GET https://www.bcicentral.com/wp-content/plugins/presto-player/dist/components/web-components/p-BxRAfMA5.js → pending (?ms, ?B)
[2026-04-28T05:36:06.039Z] GET https://d.adroll.com/consent/check/HHW5ZW4PH5BVRJ4C665KRP?pv=22417671034.69161&arrfrr=https%3A%2F%2Fwww.bcicentral.com%2Fprojects%2Fau-sunshine-private-hospital%2F&_s=8e46bbd19f43f893357feb262928ebb4&_b=2 → pending (?ms, ?B)
[2026-04-28T05:36:06.229Z] POST https://px.ads.linkedin.com/wa/?medium=fetch&fmt=g → pending (?ms, ?B)
[2026-04-28T05:36:06.248Z] GET https://js.hsadspixel.net/pixels.js → 200 (50ms, 7644B)
[2026-04-28T05:36:06.248Z] GET https://js.hubspot.com/web-interactives-embed.js → 200 (78ms, 97992B)
[2026-04-28T05:36:06.248Z] GET https://js.hs-analytics.net/analytics/1777354500000/8993205.js → pending (?ms, ?B)
[2026-04-28T05:36:06.248Z] GET https://js.hs-banner.com/v2/8993205/banner.js → 200 (53ms, 67240B)
[2026-04-28T05:36:06.306Z] GET https://track.bcicentral.com/scripts/tracker.js → pending (?ms, ?B)
[2026-04-28T05:36:06.354Z] GET https://www.gstatic.com/recaptcha/releases/gTpTIWhbKpxADzTzkcabhXN4/recaptcha__en.js → 200 (222ms, 868023B)
[2026-04-28T05:36:06.354Z] GET https://www.bcicentral.com/wp-includes/js/wp-emoji-release.min.js?ver=d4df5247e8e27240320e39cbd73b3802 → 200 (123ms, 19251B)
[2026-04-28T05:36:06.361Z] GET https://api.hubapi.com/hs-script-loader-public/v2/config/pixels-and-events/json?portalId=8993205 → 200 (300ms, 490B)
[2026-04-28T05:36:06.376Z] POST https://www.bcicentral.com/wp-admin/admin-ajax.php → pending (?ms, ?B)
[2026-04-28T05:36:06.379Z] GET https://www.bcicentral.com/bridge/landing/project.php?pid=49543017 → 200 (270ms, 12074B)
[2026-04-28T05:36:06.402Z] GET https://www.googletagmanager.com/gtag/js?id=UA-215302829-1&cx=c&gtm=4e64o1 → 200 (350ms, 325792B)
[2026-04-28T05:36:06.424Z] GET https://web.cmp.usercentrics.eu/ui/loader.js → 200 (63ms, 55517B)
[2026-04-28T05:36:06.424Z] GET https://www.googletagmanager.com/gtag/js?id=AW-1021315797&cx=c&gtm=4e64o1 → 200 (345ms, 427583B)
[2026-04-28T05:36:06.424Z] GET https://www.google-analytics.com/analytics.js → 200 (16ms, 52310B)
[2026-04-28T05:36:06.424Z] GET https://s.pinimg.com/ct/core.js → 200 (65ms, 4701B)
[2026-04-28T05:36:06.424Z] POST https://pagead2.googlesyndication.com/ccm/collect?rcb=12&frm=0&ae=g&en=page_view&dl=https%3A%2F%2Fwww.bcicentral.com%2Fprojects%2Fau-sunshine-private-hospital%2F&scrsrc=www.googletagmanager.com&rnd=550434436.1777354566&navt=n&npa=1&ep.ads_data_redaction=1&gdid=dOThhZD&_tu=CA&gtm=45He64o1v865864576za200zd865864576xea&gcs=G100&gcd=13p3p3p3p5l1&dma_cps=-&dma=0&tcfd=10000&tag_exp=0~115938465~115938468~117266401~117384405~118167058~118463262&apve=1&apvf=f&apvc=1&tft=1777354566423&tfd=2956 → 200 (293ms, ?B)
[2026-04-28T05:36:06.432Z] POST https://www.google-analytics.com/g/collect?v=2&tid=G-HH0TQ4PJXF&gtm=45je64o1v885602319z8865864576za200zd885602319&_p=1777354565857&gcs=G100&gcd=13p3p3p3p5l1&npa=1&dma_cps=-&dma=0&tcfd=10000&gdid=dOThhZD&ecid=668006849&_eu=AAAAAGAC&are=1&cid=1045841362.1777354566&frm=0&pscdl=denied&rcb=8&sr=1280x900&uaa=x86&uab=64&uafvl=Not%253AA-Brand%3B99.0.0.0%7CHeadlessChrome%3B145.0.7632.6%7CChromium%3B145.0.7632.6&uam=&uamb=0&uap=Linux&uapv=&uaw=0&ul=en-us&gaf=2&_s=1&tag_exp=0~115616986~115938465~115938468~117266400~117512542~117884344~118463261&sid=1777354566&sct=1&seg=0&dl=https%3A%2F%2Fwww.bcicentral.com%2Fprojects%2Fau-sunshine-private-hospital%2F&dt=The%20Sunshine%20Private%20Hospital%20Melbourne%20Australia%20%7C%20LeadManager%20(formerly%20BCI%20Central)&_tu=CA&en=page_view&_fv=1&_nsi=1&_ss=1&tfd=2963 → 204 (130ms, ?B)
[2026-04-28T05:36:06.433Z] GET https://cta-service-cms2.hubspot.com/web-interactives/public/v1/embed/combinedConfigs?portalId=8993205&currentUrl=https%3A%2F%2Fwww.bcicentral.com%2Fprojects%2Fau-sunshine-private-hospital%2F → 200 (399ms, 1034B)
[2026-04-28T05:36:06.450Z] GET https://d.adroll.com/segment/HHW5ZW4PH5BVRJ4C665KRP/R5HC3MPCWJDYRA3OU72PY2?adroll_fpc=1740478c0add0b308cc6c168a53ca875-1777354566442&pv=22417671034.69161&arrfrr=https%3A%2F%2Fwww.bcicentral.com%2Fprojects%2Fau-sunshine-private-hospital%2F&cookie=&adroll_s_ref=&keyw=&p0=345&adroll_external_data=&adroll_version=2.0 → 200 (123ms, 42B)
[2026-04-28T05:36:06.450Z] GET https://d.adroll.com/cm/bombora/out?adroll_fpc=1740478c0add0b308cc6c168a53ca875-1777354566442&pv=22417671034.69161&arrfrr=https%3A%2F%2Fwww.bcicentral.com%2Fprojects%2Fau-sunshine-private-hospital%2F&advertisable=HHW5ZW4PH5BVRJ4C665KRP → 302 (121ms, ?B)
[2026-04-28T05:36:06.450Z] GET https://d.adroll.com/cm/experian/out?adroll_fpc=1740478c0add0b308cc6c168a53ca875-1777354566442&pv=22417671034.69161&arrfrr=https%3A%2F%2Fwww.bcicentral.com%2Fprojects%2Fau-sunshine-private-hospital%2F&advertisable=HHW5ZW4PH5BVRJ4C665KRP → 302 (122ms, ?B)
[2026-04-28T05:36:06.450Z] GET https://d.adroll.com/cm/eyeota/out?adroll_fpc=1740478c0add0b308cc6c168a53ca875-1777354566442&pv=22417671034.69161&arrfrr=https%3A%2F%2Fwww.bcicentral.com%2Fprojects%2Fau-sunshine-private-hospital%2F&advertisable=HHW5ZW4PH5BVRJ4C665KRP → 302 (121ms, ?B)
[2026-04-28T05:36:06.453Z] GET https://my.hellobar.com/modules-v2.js → 200 (76ms, 611412B)
[2026-04-28T05:36:06.489Z] GET https://web.cmp.usercentrics.eu/ui/v/3.118.0/WebSdk.lib.5ddd9ff8.js → 200 (31ms, 318229B)
[2026-04-28T05:36:06.491Z] GET https://s.pinimg.com/ct/lib/main.10d2511a.js → 200 (71ms, 111435B)
[2026-04-28T05:36:06.525Z] GET https://v1.api.service.cmp.usercentrics.eu/latest/core/qfXNjiH4-Bd3dJ → 200 (118ms, 541B)
[2026-04-28T05:36:06.571Z] GET https://ct.pinterest.com/user/?tid=2612941042236&pd=%7B%22np%22%3A%22gtm%22%2C%22gtm_version%22%3A%22legacy%22%7D&cb=1777354566569&dep=2%2CPAGE_LOAD → 200 (231ms, 327B)
[2026-04-28T05:36:06.571Z] GET https://ml314.com/utsync.ashx?et=0&eid=92980&fp=1cca5e0701026bc4df643ff024c39f39&gdpr=0&gdpr_consent= → 200 (197ms, 43B)
[2026-04-28T05:36:06.571Z] GET https://ps.eyeota.net/match?bid=d9gd6vu&uid=1cca5e0701026bc4df643ff024c39f39&gdpr=0&gdpr_consent= → 302 (88ms, ?B)
[2026-04-28T05:36:06.572Z] GET https://pixel.tapad.com/idsync/ex/receive?partner_id=3521&partner_device_id=MWNjYTVlMDcwMTAyNmJjNGRmNjQzZmYwMjRjMzlmMzk&gdpr=0&gdpr_consent= → 302 (214ms, ?B)
[2026-04-28T05:36:06.573Z] GET https://ct.pinterest.com/v3/?tid=2612941042236&pd=%7B%22np%22%3A%22gtm%22%2C%22gtm_version%22%3A%22legacy%22%7D&event=init&ad=%7B%22loc%22%3A%22https%3A%2F%2Fwww.bcicentral.com%2Fprojects%2Fau-sunshine-private-hospital%2F%22%2C%22ref%22%3A%22%22%2C%22if%22%3Afalse%2C%22sh%22%3A900%2C%22sw%22%3A1280%2C%22mh%22%3A%2210d2511a%22%2C%22is_eu%22%3Atrue%2C%22architecture%22%3A%22x86%22%2C%22bitness%22%3A%2264%22%2C%22brands%22%3A%5B%7B%22brand%22%3A%22Not%3AA-Brand%22%2C%22version%22%3A%2299%22%7D%2C%7B%22brand%22%3A%22HeadlessChrome%22%2C%22version%22%3A%22145%22%7D%2C%7B%22brand%22%3A%22Chromium%22%2C%22version%22%3A%22145%22%7D%5D%2C%22mobile%22%3Afalse%2C%22model%22%3A%22%22%2C%22platform%22%3A%22Linux%22%2C%22platformVersion%22%3A%22%22%2C%22uaFullVersion%22%3A%22145.0.7632.6%22%2C%22ecm_enabled%22%3Afalse%7D&cb=1777354566572 → 200 (233ms, 35B)
[2026-04-28T05:36:06.658Z] GET https://web.cmp.usercentrics.eu/cdcs/v/1.0.0/index.html → 200 (21ms, 1357B)
[2026-04-28T05:36:06.659Z] GET https://ps.eyeota.net/match/bounce/?bid=d9gd6vu&uid=1cca5e0701026bc4df643ff024c39f39&gdpr=0&gdpr_consent= → 302 (20ms, ?B)
[2026-04-28T05:36:06.661Z] GET https://www.googletagmanager.com/gtag/js?id=AW-1021315797 → 200 (351ms, 427572B)
[2026-04-28T05:36:06.679Z] GET https://cm.g.doubleclick.net/pixel?google_nid=eye&google_cm&google_sc&google_hm=MmYxVS10NlVRbGk1cXhXdWFuVFdWWWhIVTFMU1ZlT3dWdGRzUjBCemFvOHM&gdpr=0&gdpr_consent=&uid=1&bid=gdo9o51&newuser=1&dc_rc=1&dc_mr=5&dc_orig=d9gd6vu& → 302 (270ms, ?B)
[2026-04-28T05:36:06.683Z] GET https://v1.api.service.cmp.usercentrics.eu/latest/1/cmp/en/GDPR/qfXNjiH4-Bd3dJ/5.8.49/5.8.49?isOutsideEu=true&isBot=true → 200 (352ms, 23700B)
[2026-04-28T05:36:06.786Z] POST https://pagead2.googlesyndication.com/ccm/collect?rcb=0&frm=0&en=page_view&dl=https%3A%2F%2Fwww.bcicentral.com%2Fprojects%2Fau-sunshine-private-hospital%2F&scrsrc=www.googletagmanager.com&rnd=550434436.1777354566&navt=n&npa=1&us_privacy=error&did=dOThhZD&gdid=dOThhZD&gpp_sid=-1&_tu=CA&gtm=45be64o1v889029183z8865864576za20gzb865864576zd865864576xec&gcs=G100&gcd=13p3p3p3p5l1&dma_cps=-&dma=0&tcfd=10000&tag_exp=0~115938465~115938469~117266401&apve=1&apvf=f&apvc=0&tids=AW-1021315797&tid=AW-1021315797&tft=1777354566785&tfd=3318 → 200 (150ms, ?B)
[2026-04-28T05:36:06.786Z] POST https://pagead2.googlesyndication.com/ccm/collect?rcb=0&frm=0&ae=g&dl=https%3A%2F%2Fwww.bcicentral.com%2Fprojects%2Fau-sunshine-private-hospital%2F&scrsrc=www.googletagmanager.com&rnd=550434436.1777354566&navt=n&npa=1&us_privacy=error&ep.ads_data_redaction=1&did=dOThhZD&gdid=dOThhZD&gpp_sid=-1&_tu=CA&gtm=45be64o1v889029183z8865864576za20gzb865864576zd865864576xea&gcs=G100&gcd=13p3p3p3p5l1&dma_cps=-&dma=0&tcfd=10000&tag_exp=0~115938465~115938469~117266401&apve=1&apvf=f&apvc=0&tids=AW-1021315797&tid=AW-1021315797&tft=1777354566785&tfd=3318 → 200 (151ms, ?B)
[2026-04-28T05:36:06.786Z] GET https://pixel.tapad.com/idsync/ex/receive/check?partner_id=3521&partner_device_id=MWNjYTVlMDcwMTAyNmJjNGRmNjQzZmYwMjRjMzlmMzk&gdpr=0&gdpr_consent= → 302 (157ms, ?B)
[2026-04-28T05:36:06.832Z] GET https://perf-na1.hsforms.com/embed/v3/counters.gif?key=config-loaded-success&value=1 → 200 (354ms, 35B)
[2026-04-28T05:36:06.833Z] GET https://bciaustralia-8993205.hs-sites.com/hs-web-interactive-8993205-201491538246?enableResponsiveStyles=true → 200 (397ms, 23593B)
[2026-04-28T05:36:06.943Z] GET https://match.adsrvr.org/track/cmf/generic?ttd_pid=tapad&ttd_tpi=1&ttd_puid=b3bbc2f0-df40-4a26-8274-d8a6186b2d79%252C%252C&gdpr=0&gdpr_consent= → 302 (78ms, ?B)
[2026-04-28T05:36:06.949Z] GET https://ps.eyeota.net/match?gdpr=0&gdpr_consent=&uid=1&bid=gdo9o51&newuser=1&dc_rc=1&dc_mr=5&dc_orig=d9gd6vu&google_gid=CAESEGGvTriTmoQ9jFZnmQsmXGQ&google_cver=1 → 302 (19ms, ?B)
[2026-04-28T05:36:06.968Z] GET https://ib.adnxs.com/getuid?https%3A%2F%2Fps.eyeota.net%2Fmatch%3Fuid%3D%24UID%26bid%3D2cr76e1%26dc_rc%3D2%26dc_mr%3D5%26dc_orig%3Dd9gd6vu%26 → pending (?ms, ?B)
[2026-04-28T05:36:07.016Z] POST https://pagead2.googlesyndication.com/ccm/collect?rcb=0&frm=0&en=page_view&dl=https%3A%2F%2Fwww.bcicentral.com%2Fprojects%2Fau-sunshine-private-hospital%2F&scrsrc=www.googletagmanager.com&rnd=550434436.1777354566&navt=n&npa=1&us_privacy=error&did=dOThhZD%2CdZTQ1Zm&gdid=dOThhZD.dZTQ1Zm&gpp_sid=-1&_tu=CA&gtm=45be64o1v889029183za20gzb865864576zd865864576xec&gcs=G100&gcd=13p3p3p3p5l1&dma_cps=-&dma=0&tcfd=10000&tag_exp=0~115938465~115938469~117266401&apve=1&apvf=f&apvc=0&tids=AW-1021315797&tid=AW-1021315797&tft=1777354567015&tfd=3548 → 200 (153ms, ?B)
[2026-04-28T05:36:07.022Z] GET https://match.adsrvr.org/track/cmb/generic?ttd_pid=tapad&ttd_tpi=1&ttd_puid=b3bbc2f0-df40-4a26-8274-d8a6186b2d79%252C%252C&gdpr=0&gdpr_consent= → 302 (18ms, ?B)
[2026-04-28T05:36:07.036Z] GET https://web.cmp.usercentrics.eu/ui/v/3.118.0/GdprCmpController.597ef4e9.js → 200 (38ms, 32446B)
[2026-04-28T05:36:07.040Z] GET https://pixel.tapad.com/idsync/ex/receive?partner_id=1830&partner_device_id=839dc79c-cd07-4e87-a796-0905a1b669e4&ttd_puid=b3bbc2f0-df40-4a26-8274-d8a6186b2d79%2C%2C → 200 (151ms, 95B)
[2026-04-28T05:36:07.102Z] POST https://analytics.google.com/g/collect?v=2&tid=G-HH0TQ4PJXF&gtm=45je64o1v885602319za200zd885602319&_p=1777354565857&_gaz=1&gcs=G111&gcd=13r3r3r3r5l1&npa=0&dma=0&tcfd=10000&gdid=dOThhZD.dZTQ1Zm&ecid=668006849&_eu=AAACAGAC&are=1&cid=1045841362.1777354566&frm=0&pscdl=noapi&rcb=8&sr=1280x900&uaa=x86&uab=64&uafvl=Not%253AA-Brand%3B99.0.0.0%7CHeadlessChrome%3B145.0.7632.6%7CChromium%3B145.0.7632.6&uam=&uamb=0&uap=Linux&uapv=&uaw=0&ul=en-us&gaf=2&_s=2&tag_exp=0~115616986~115938465~115938468~117266400~117512542~117884344~118463261&sid=1777354566&sct=1&seg=1&dl=https%3A%2F%2Fwww.bcicentral.com%2Fprojects%2Fau-sunshine-private-hospital%2F&dt=The%20Sunshine%20Private%20Hospital%20Melbourne%20Australia%20%7C%20LeadManager%20(formerly%20BCI%20Central)&_tu=CA&en=page_view&_ee=1&_et=647&tfd=3612 → pending (?ms, ?B)
[2026-04-28T05:36:07.102Z] POST https://www.google-analytics.com/j/collect?v=1&_v=j102&a=721973215&t=pageview&_s=1&dl=https%3A%2F%2Fwww.bcicentral.com%2Fprojects%2Fau-sunshine-private-hospital%2F&ul=en-us&dt=The%20Sunshine%20Private%20Hospital%20Melbourne%20Australia%20%7C%20LeadManager%20(formerly%20BCI%20Central)&sr=1280x900&vp=1280x900&_u=6ChAAUABAAAAACAAIk~&jid=839284419&gjid=1694322574&cid=1045841362.1777354566&tid=UA-215302829-1&_gid=605914201.1777354567&_r=1&_slc=1&gtm=45He64o1n81NN663JDv865864576za200zd865864576&gcs=G111&gcd=13r3r3r3r5l1&dma=0&tcfd=10000&tag_exp=0~115938465~115938468~117266401~117384405~118167058~118463262&gcu=1&sst.gcut=2&z=1213278566 → 200 (97ms, 3B)
[2026-04-28T05:36:07.102Z] GET https://googleads.g.doubleclick.net/pagead/viewthroughconversion/1021315797/?random=1777354567088&cv=11&fst=1777354567088&bg=ffffff&guid=ON&async=1&en=gtag.config&gtm=45be64o1v889029183z8865864576za20gzb865864576zd865864576xec&gcd=13r3r3r3r5l1&dma=0&tcfd=10000&tag_exp=0~115938465~115938469~117266401&rcb=0&frm=0&did=dOThhZD&gdid=dOThhZD.dZTQ1Zm&hn=www.googleadservices.com&npa=0&us_privacy=error&pscdl=noapi&auid=1663702870.1777354567&uaa=x86&uab=64&uafvl=Not%253AA-Brand%3B99.0.0.0%7CHeadlessChrome%3B145.0.7632.6%7CChromium%3B145.0.7632.6&uamb=0&uam=&uap=Linux&uapv=&uaw=0&gpp_sid=-1&_tu=CA&data=event%3Dgtag.config&rfmt=3&fmt=4 → 200 (125ms, 5298B)
[2026-04-28T05:36:07.102Z] POST https://www.google.com/rmkt/collect/1021315797/?random=1777354567088&cv=11&fst=1777354567088&fmt=8&bg=ffffff&guid=ON&async=1&en=gtag.config&gtm=45be64o1v889029183z8865864576za20gzb865864576zd865864576xec&gcd=13r3r3r3r5l1&dma=0&tcfd=10000&tag_exp=0~115938465~115938469~117266401&rcb=0&frm=0&did=dOThhZD&gdid=dOThhZD.dZTQ1Zm&hn=www.googleadservices.com&npa=0&us_privacy=error&pscdl=noapi&auid=1663702870.1777354567&uaa=x86&uab=64&uafvl=Not%253AA-Brand%3B99.0.0.0%7CHeadlessChrome%3B145.0.7632.6%7CChromium%3B145.0.7632.6&uamb=0&uam=&uap=Linux&uapv=&uaw=0&gpp_sid=-1&_tu=CA&data=event%3Dgtag.config&gcp=5 → 200 (105ms, ?B)
[2026-04-28T05:36:07.102Z] GET https://googleads.g.doubleclick.net/pagead/viewthroughconversion/1021315797/?random=1777354567093&cv=11&fst=1777354567093&bg=ffffff&guid=ON&async=1&gtm=45be64o1v889029183z8865864576za20gzb865864576zd865864576xea&gcd=13r3r3r3r5l1&dma=0&tcfd=10000&tag_exp=0~115938465~115938469~117266401&rcb=0&frm=0&did=dOThhZD&gdid=dOThhZD.dZTQ1Zm&hn=www.googleadservices.com&npa=0&us_privacy=error&pscdl=noapi&auid=1663702870.1777354567&uaa=x86&uab=64&uafvl=Not%253AA-Brand%3B99.0.0.0%7CHeadlessChrome%3B145.0.7632.6%7CChromium%3B145.0.7632.6&uamb=0&uam=&uap=Linux&uapv=&uaw=0&gpp_sid=-1&_tu=CA&data=ads_data_redaction%3Dtrue&rfmt=3&fmt=4 → 200 (131ms, 5362B)
[2026-04-28T05:36:07.102Z] POST https://www.google.com/rmkt/collect/1021315797/?random=1777354567093&cv=11&fst=1777354567093&fmt=8&bg=ffffff&guid=ON&async=1&gtm=45be64o1v889029183z8865864576za20gzb865864576zd865864576xea&gcd=13r3r3r3r5l1&dma=0&tcfd=10000&tag_exp=0~115938465~115938469~117266401&rcb=0&frm=0&did=dOThhZD&gdid=dOThhZD.dZTQ1Zm&hn=www.googleadservices.com&npa=0&us_privacy=error&pscdl=noapi&auid=1663702870.1777354567&uaa=x86&uab=64&uafvl=Not%253AA-Brand%3B99.0.0.0%7CHeadlessChrome%3B145.0.7632.6%7CChromium%3B145.0.7632.6&uamb=0&uam=&uap=Linux&uapv=&uaw=0&gpp_sid=-1&_tu=CA&data=ads_data_redaction%3Dtrue&gcp=5 → 200 (114ms, ?B)
[2026-04-28T05:36:07.102Z] GET https://googleads.g.doubleclick.net/pagead/viewthroughconversion/1021315797/?random=1777354567094&cv=11&fst=1777354567094&bg=ffffff&guid=ON&async=1&en=gtag.config&gtm=45be64o1v889029183za20gzb865864576zd865864576xec&gcd=13r3r3r3r5l1&dma=0&tcfd=10000&tag_exp=0~115938465~115938469~117266401&rcb=0&frm=0&did=dOThhZD%2CdZTQ1Zm&gdid=dOThhZD.dZTQ1Zm&hn=www.googleadservices.com&npa=0&us_privacy=error&pscdl=noapi&auid=1663702870.1777354567&uaa=x86&uab=64&uafvl=Not%253AA-Brand%3B99.0.0.0%7CHeadlessChrome%3B145.0.7632.6%7CChromium%3B145.0.7632.6&uamb=0&uam=&uap=Linux&uapv=&uaw=0&gpp_sid=-1&_tu=CA&data=event%3Dgtag.config&rfmt=3&fmt=4 → 200 (128ms, 5388B)
[2026-04-28T05:36:07.102Z] POST https://www.google.com/rmkt/collect/1021315797/?random=1777354567094&cv=11&fst=1777354567094&fmt=8&bg=ffffff&guid=ON&async=1&en=gtag.config&gtm=45be64o1v889029183za20gzb865864576zd865864576xec&gcd=13r3r3r3r5l1&dma=0&tcfd=10000&tag_exp=0~115938465~115938469~117266401&rcb=0&frm=0&did=dOThhZD%2CdZTQ1Zm&gdid=dOThhZD.dZTQ1Zm&hn=www.googleadservices.com&npa=0&us_privacy=error&pscdl=noapi&auid=1663702870.1777354567&uaa=x86&uab=64&uafvl=Not%253AA-Brand%3B99.0.0.0%7CHeadlessChrome%3B145.0.7632.6%7CChromium%3B145.0.7632.6&uamb=0&uam=&uap=Linux&uapv=&uaw=0&gpp_sid=-1&_tu=CA&data=event%3Dgtag.config&gcp=5 → 200 (114ms, ?B)
[2026-04-28T05:36:07.102Z] POST https://analytics.google.com/g/collect?v=2&tid=G-HH0TQ4PJXF&gtm=45je64o1v885602319za200zd885602319&_p=1777354565857&_gaz=1&gcs=G111&gcu=1&gcd=13r3r3r3r5l1&npa=0&dma=0&tcfd=10000&gdid=dOThhZD.dZTQ1Zm&ecid=668006849&_eu=AAAAAGQC&are=1&cid=1045841362.1777354566&frm=0&gcut=3&pscdl=noapi&rcb=8&sr=1280x900&uaa=x86&uab=64&uafvl=Not%253AA-Brand%3B99.0.0.0%7CHeadlessChrome%3B145.0.7632.6%7CChromium%3B145.0.7632.6&uam=&uamb=0&uap=Linux&uapv=&uaw=0&ul=en-us&gaf=2&_s=3&tag_exp=0~115616986~115938465~115938468~117266400~117512542~117884344~118463261&sid=1777354566&sct=1&seg=1&dl=https%3A%2F%2Fwww.bcicentral.com%2Fprojects%2Fau-sunshine-private-hospital%2F&dt=The%20Sunshine%20Private%20Hospital%20Melbourne%20Australia%20%7C%20LeadManager%20(formerly%20BCI%20Central)&_tu=CA&en=user_engagement&ep.ga_temp_client_id=1045841362.1777354566&ep.ga_temp_ecid=668006849&_et=17&tfd=3631 → pending (?ms, ?B)
[2026-04-28T05:36:07.102Z] POST https://stats.g.doubleclick.net/g/collect?v=2&tid=G-HH0TQ4PJXF&cid=1045841362.1777354566&gtm=45je64o1v885602319za200zd885602319&rcb=8&aip=1&dma=0&gcs=G111&gcd=13r3r3r3r5l1&npa=0&frm=0&tag_exp=0~115616986~115938465~115938468~117266400~117512542~117884344~118463261 → pending (?ms, ?B)
[2026-04-28T05:36:07.102Z] GET https://www.google.com.au/ads/ga-audiences?v=1&t=sr&slf_rd=1&_r=4&tid=G-HH0TQ4PJXF&cid=1045841362.1777354566&gtm=45je64o1v885602319za200zd885602319&rcb=8&aip=1&dma=0&gcs=G111&gcd=13r3r3r3r5l1&npa=0&frm=0&tag_exp=0~115616986~115938465~115938468~117266400~117512542~117884344~118463261&z=1160637425 → 200 (121ms, 42B)
[2026-04-28T05:36:07.102Z] POST https://www.google.com/ccm/collect?rcb=12&frm=0&ae=g&en=consent_update&dl=https%3A%2F%2Fwww.bcicentral.com%2Fprojects%2Fau-sunshine-private-hospital%2F&scrsrc=www.googletagmanager.com&rnd=550434436.1777354566&dt=The%20Sunshine%20Private%20Hospital%20Melbourne%20Australia%20%7C%20LeadManager%20(formerly%20BCI%20Central)&auid=1663702870.1777354567&navt=n&npa=0&ep.ads_data_redaction=1&gdid=dOThhZD.dZTQ1Zm&_tu=CA&gcu=1&us_privacy=error&gtm=45He64o1v865864576za200zd865864576xea&gcs=G111&gcd=13r3r3r3r5l1&dma=0&tcfd=10000&tag_exp=0~115938465~115938468~117266401~117384405~118167058~118463262&apve=1&apvf=f&apvc=1&tft=1777354567101&tfd=3634 → pending (?ms, ?B)
[2026-04-28T05:36:07.102Z] GET https://www.google.com.au/ads/ga-audiences?v=1&t=sr&slf_rd=1&_r=4&tid=G-HH0TQ4PJXF&cid=1045841362.1777354566&gtm=45je64o1v885602319za200zd885602319&rcb=8&aip=1&dma=0&gcs=G111&gcd=13r3r3r3r5l1&npa=0&frm=0&tag_exp=0~115616986~115938465~115938468~117266400~117512542~117884344~118463261&z=2077909129 → 200 (120ms, 42B)
[2026-04-28T05:36:07.105Z] POST https://consent-api.service.consent.usercentrics.eu/consent/uw/3 → pending (?ms, ?B)
[2026-04-28T05:36:07.228Z] GET https://www.google.com/pagead/1p-user-list/1021315797/?random=1777354567088&cv=11&fst=1777352400000&bg=ffffff&guid=ON&async=1&en=gtag.config&gtm=45be64o1v889029183z8865864576za20gzb865864576zd865864576xec&gcd=13r3r3r3r5l1&dma=0&tcfd=10000&tag_exp=0~115938465~115938469~117266401&rcb=0&frm=0&did=dOThhZD&gdid=dOThhZD.dZTQ1Zm&hn=www.googleadservices.com&npa=0&us_privacy=error&pscdl=noapi&auid=1663702870.1777354567&uaa=x86&uab=64&uafvl=Not%253AA-Brand%3B99.0.0.0%7CHeadlessChrome%3B145.0.7632.6%7CChromium%3B145.0.7632.6&uamb=0&uam=&uap=Linux&uapv=&uaw=0&gpp_sid=-1&_tu=CA&data=event%3Dgtag.config&rfmt=3&fmt=3&is_vtc=1&cid=CAQSvgEABaugfe57q-lvwVQuORMqC1ACNe2inZYmSs0nHCvX1ynh8Mm4pNgbO2hwDp52DZk9b0Q5eu_oW3iB594q266H05_Q6-XLLAYo-Z09F6XZhIlj1QaRUwyKfZLge-W5DN7TxsX56D9rVEdBN9s4eMoioZdJcS_p6rysYBxUKQ9-uxJWhXmjjvxpdILe8gtQptzlwggq7nRD6rxpgmka71_PQlLTKT6Entz0HJYY0uZhDJVhRqj3HicHwBwf2lIn&random=3941730366&rmt_tld=0&ipr=y → pending (?ms, ?B)
[2026-04-28T05:36:07.228Z] GET https://www.google.com.au/pagead/1p-user-list/1021315797/?random=1777354567088&cv=11&fst=1777352400000&bg=ffffff&guid=ON&async=1&en=gtag.config&gtm=45be64o1v889029183z8865864576za20gzb865864576zd865864576xec&gcd=13r3r3r3r5l1&dma=0&tcfd=10000&tag_exp=0~115938465~115938469~117266401&rcb=0&frm=0&did=dOThhZD&gdid=dOThhZD.dZTQ1Zm&hn=www.googleadservices.com&npa=0&us_privacy=error&pscdl=noapi&auid=1663702870.1777354567&uaa=x86&uab=64&uafvl=Not%253AA-Brand%3B99.0.0.0%7CHeadlessChrome%3B145.0.7632.6%7CChromium%3B145.0.7632.6&uamb=0&uam=&uap=Linux&uapv=&uaw=0&gpp_sid=-1&_tu=CA&data=event%3Dgtag.config&rfmt=3&fmt=3&is_vtc=1&cid=CAQSvgEABaugfe57q-lvwVQuORMqC1ACNe2inZYmSs0nHCvX1ynh8Mm4pNgbO2hwDp52DZk9b0Q5eu_oW3iB594q266H05_Q6-XLLAYo-Z09F6XZhIlj1QaRUwyKfZLge-W5DN7TxsX56D9rVEdBN9s4eMoioZdJcS_p6rysYBxUKQ9-uxJWhXmjjvxpdILe8gtQptzlwggq7nRD6rxpgmka71_PQlLTKT6Entz0HJYY0uZhDJVhRqj3HicHwBwf2lIn&random=3941730366&rmt_tld=1&ipr=y → pending (?ms, ?B)
[2026-04-28T05:36:07.231Z] GET https://www.google.com/pagead/1p-user-list/1021315797/?random=1777354567094&cv=11&fst=1777352400000&bg=ffffff&guid=ON&async=1&en=gtag.config&gtm=45be64o1v889029183za20gzb865864576zd865864576xec&gcd=13r3r3r3r5l1&dma=0&tcfd=10000&tag_exp=0~115938465~115938469~117266401&rcb=0&frm=0&did=dOThhZD%2CdZTQ1Zm&gdid=dOThhZD.dZTQ1Zm&hn=www.googleadservices.com&npa=0&us_privacy=error&pscdl=noapi&auid=1663702870.1777354567&uaa=x86&uab=64&uafvl=Not%253AA-Brand%3B99.0.0.0%7CHeadlessChrome%3B145.0.7632.6%7CChromium%3B145.0.7632.6&uamb=0&uam=&uap=Linux&uapv=&uaw=0&gpp_sid=-1&_tu=CA&data=event%3Dgtag.config&rfmt=3&fmt=3&is_vtc=1&cid=CAQS4QEABaugfYjTGDCLNtnHyD1M_CpzUSborxPIHW-YvOC6pkFjbFM96GsRTDAX80aldxi5bBOv3U7ekVc8opWFpzJLV7iVeI_mZIWa81aNOQcpPbGEMN5HOFZyGaLhLqalTBhqWgFEnFyr4A2H9-fd3l3KSbIARbZ7mh02lWj82SybokVsPOHBzHWOJcaZqFAhAOWukeDHaNWGciFLmPntV9dFFBN-jH8sv6HOkQEdOD3-jLsrhXn-XGXyHbi-LocVFMporGTOAl5uWLOpVNMi8rpRlrJ_X9Sm5k0ILDvwTEH9CFM&random=184977899&rmt_tld=0&ipr=y → pending (?ms, ?B)
[2026-04-28T05:36:07.231Z] GET https://www.google.com.au/pagead/1p-user-list/1021315797/?random=1777354567094&cv=11&fst=1777352400000&bg=ffffff&guid=ON&async=1&en=gtag.config&gtm=45be64o1v889029183za20gzb865864576zd865864576xec&gcd=13r3r3r3r5l1&dma=0&tcfd=10000&tag_exp=0~115938465~115938469~117266401&rcb=0&frm=0&did=dOThhZD%2CdZTQ1Zm&gdid=dOThhZD.dZTQ1Zm&hn=www.googleadservices.com&npa=0&us_privacy=error&pscdl=noapi&auid=1663702870.1777354567&uaa=x86&uab=64&uafvl=Not%253AA-Brand%3B99.0.0.0%7CHeadlessChrome%3B145.0.7632.6%7CChromium%3B145.0.7632.6&uamb=0&uam=&uap=Linux&uapv=&uaw=0&gpp_sid=-1&_tu=CA&data=event%3Dgtag.config&rfmt=3&fmt=3&is_vtc=1&cid=CAQS4QEABaugfYjTGDCLNtnHyD1M_CpzUSborxPIHW-YvOC6pkFjbFM96GsRTDAX80aldxi5bBOv3U7ekVc8opWFpzJLV7iVeI_mZIWa81aNOQcpPbGEMN5HOFZyGaLhLqalTBhqWgFEnFyr4A2H9-fd3l3KSbIARbZ7mh02lWj82SybokVsPOHBzHWOJcaZqFAhAOWukeDHaNWGciFLmPntV9dFFBN-jH8sv6HOkQEdOD3-jLsrhXn-XGXyHbi-LocVFMporGTOAl5uWLOpVNMi8rpRlrJ_X9Sm5k0ILDvwTEH9CFM&random=184977899&rmt_tld=1&ipr=y → pending (?ms, ?B)
[2026-04-28T05:36:07.233Z] GET https://7052064.fs1.hubspotusercontent-na1.net/hubfs/7052064/hub_generated/module_assets/1/-53649664999/1775760967855/module_button_interactive.min.css → pending (?ms, ?B)
[2026-04-28T05:36:07.233Z] GET https://js.hubspot.com/web-interactives-container.js → pending (?ms, ?B)
[2026-04-28T05:36:07.233Z] GET https://bciaustralia-8993205.hs-sites.com/hs/hsstatic/content-cwv-embed/static-1.1293/embed.js → pending (?ms, ?B)
[2026-04-28T05:36:07.233Z] GET https://bciaustralia-8993205.hs-sites.com/hs/hsstatic/cos-i18n/static-1.53/bundles/project.js → pending (?ms, ?B)
[2026-04-28T05:36:07.234Z] GET https://www.google.com/pagead/1p-user-list/1021315797/?random=1777354567093&cv=11&fst=1777352400000&bg=ffffff&guid=ON&async=1&gtm=45be64o1v889029183z8865864576za20gzb865864576zd865864576xea&gcd=13r3r3r3r5l1&dma=0&tcfd=10000&tag_exp=0~115938465~115938469~117266401&rcb=0&frm=0&did=dOThhZD&gdid=dOThhZD.dZTQ1Zm&hn=www.googleadservices.com&npa=0&us_privacy=error&pscdl=noapi&auid=1663702870.1777354567&uaa=x86&uab=64&uafvl=Not%253AA-Brand%3B99.0.0.0%7CHeadlessChrome%3B145.0.7632.6%7CChromium%3B145.0.7632.6&uamb=0&uam=&uap=Linux&uapv=&uaw=0&gpp_sid=-1&_tu=CA&data=ads_data_redaction%3Dtrue&rfmt=3&fmt=3&is_vtc=1&cid=CAQS4QEABaugfQtARRGSV5_Ge9JjUoiZzxh-a-ksmA5o9uQOKjgPdKxGHAvzjiHrR8BtDHSN2CraiMSpNX9ZkLeBc9HcanwOKJ1F-w1cYFAISgvhhNvPuNXL3QfoJbAaFqRDdOCnbtMWU-vn9IfRVRLvTFMj3ePmDWaAIIv_eS-p0NBum9ZlP44hRtpKBMHnUyWqRC-NzSjYAvT5kGz9ptUALWxJnr5cfevlRsDo0sudQ6SiTkM4SlweVKkUOFeaPLeL7MYSLHE7a0Xf41xwOT0qfitpVqi2Fm0mWPSUyprWszRGf5Q&random=3799630262&rmt_tld=0&ipr=y → pending (?ms, ?B)
[2026-04-28T05:36:07.234Z] GET https://www.google.com.au/pagead/1p-user-list/1021315797/?random=1777354567093&cv=11&fst=1777352400000&bg=ffffff&guid=ON&async=1&gtm=45be64o1v889029183z8865864576za20gzb865864576zd865864576xea&gcd=13r3r3r3r5l1&dma=0&tcfd=10000&tag_exp=0~115938465~115938469~117266401&rcb=0&frm=0&did=dOThhZD&gdid=dOThhZD.dZTQ1Zm&hn=www.googleadservices.com&npa=0&us_privacy=error&pscdl=noapi&auid=1663702870.1777354567&uaa=x86&uab=64&uafvl=Not%253AA-Brand%3B99.0.0.0%7CHeadlessChrome%3B145.0.7632.6%7CChromium%3B145.0.7632.6&uamb=0&uam=&uap=Linux&uapv=&uaw=0&gpp_sid=-1&_tu=CA&data=ads_data_redaction%3Dtrue&rfmt=3&fmt=3&is_vtc=1&cid=CAQS4QEABaugfQtARRGSV5_Ge9JjUoiZzxh-a-ksmA5o9uQOKjgPdKxGHAvzjiHrR8BtDHSN2CraiMSpNX9ZkLeBc9HcanwOKJ1F-w1cYFAISgvhhNvPuNXL3QfoJbAaFqRDdOCnbtMWU-vn9IfRVRLvTFMj3ePmDWaAIIv_eS-p0NBum9ZlP44hRtpKBMHnUyWqRC-NzSjYAvT5kGz9ptUALWxJnr5cfevlRsDo0sudQ6SiTkM4SlweVKkUOFeaPLeL7MYSLHE7a0Xf41xwOT0qfitpVqi2Fm0mWPSUyprWszRGf5Q&random=3799630262&rmt_tld=1&ipr=y → pending (?ms, ?B)
[2026-04-28T05:36:07.505Z] GET https://bciaustralia-8993205.hs-sites.com/hubfs/Bauziet-Regular.ttf → 200 (108ms, 92840B)
[2026-04-28T05:36:07.617Z] GET https://perf-na1.hsforms.com/embed/v3/counters.gif?key=interactive-shown&value=1 → 200 (309ms, 35B)
[2026-04-28T05:36:07.617Z] GET https://cta-service-cms2.hubspot.com/web-interactives/public/v1/track/view?webInteractiveContentId=201491538246&webInteractiveId=507289463669&containerType=BANNER&portalId=8993205&audienceId=null&pageUrl=https%3A%2F%2Fwww.bcicentral.com%2Fprojects%2Fau-sunshine-private-hospital%2F&pageTitle=The+Sunshine+Private+Hospital+Melbourne+Australia+%7C+LeadManager+%28formerly+BCI+Central%29&userAgent=Mozilla%2F5.0+%28X11%3B+Linux+x86_64%29+AppleWebKit%2F537.36+%28KHTML%2C+like+Gecko%29+HeadlessChrome%2F145.0.7632.6+Safari%2F537.36 → 307 (285ms, ?B)
[2026-04-28T05:36:07.902Z] GET https://static.hubspot.com/img/trackers/blank001.gif → 301 (76ms, ?B)
[2026-04-28T05:36:07.978Z] GET https://static.hsappstatic.net/static-hubspot-com/static-1.270519761/img/trackers/blank001.gif → 200 (85ms, 34B)
[2026-04-28T05:36:08.064Z] GET https://ct.pinterest.com/ct.html → pending (?ms, ?B)
[2026-04-28T05:36:08.068Z] GET https://connect.facebook.net/en_US/fbevents.js → 200 (11ms, 375212B)
[2026-04-28T05:36:08.068Z] GET https://track.hubspot.com/__ptq.gif?k=1&sd=1280x900&cd=24-bit&cs=UTF-8&ln=en-us&bfp=654eddde297438b429e960cd5d3d0f4d&v=1.1&a=8993205&ct=standard-page&rcu=https%3A%2F%2Fwww.bcicentral.com%2Fprojects%2Fau-sunshine-private-hospital%2F&pu=https%3A%2F%2Fwww.bcicentral.com%2Fprojects%2Fau-sunshine-private-hospital%2F&t=The+Sunshine+Private+Hospital+Melbourne+Australia+%7C+LeadManager+(formerly+BCI+Central)&cts=1777354568067&vi=40029d2ebae3384d5c2f01eadb179a8b&nc=true&u=45859259.40029d2ebae3384d5c2f01eadb179a8b.1777354568065.1777354568065.1777354568065.1&b=45859259.1.1777354568065&cc=15 → pending (?ms, ?B)
[2026-04-28T05:36:08.100Z] GET https://connect.facebook.net/signals/config/1449330760111078?v=2.9.308&r=stable&domain=www.bcicentral.com&hme=97937018cefade17726f0472876fc101316b2ce9008a35a6a5a7977d7436151a&ex_m=104%2C205%2C154%2C22%2C72%2C73%2C145%2C68%2C67%2C11%2C162%2C90%2C16%2C138%2C127%2C39%2C75%2C78%2C134%2C159%2C164%2C8%2C4%2C5%2C7%2C6%2C3%2C91%2C101%2C165%2C170%2C219%2C62%2C186%2C187%2C55%2C276%2C30%2C74%2C231%2C230%2C229%2C23%2C33%2C103%2C61%2C10%2C63%2C97%2C98%2C99%2C105%2C130%2C31%2C29%2C132%2C133%2C129%2C128%2C155%2C76%2C158%2C156%2C157%2C50%2C60%2C123%2C15%2C161%2C45%2C263%2C264%2C262%2C26%2C27%2C28%2C48%2C146%2C77%2C112%2C18%2C20%2C44%2C40%2C42%2C41%2C83%2C92%2C96%2C110%2C144%2C147%2C46%2C111%2C24%2C21%2C119%2C69%2C36%2C149%2C148%2C150%2C141%2C139%2C25%2C35%2C59%2C109%2C160%2C70%2C17%2C152%2C114%2C81%2C66%2C19%2C85%2C86%2C116%2C84%2C136%2C135%2C34%2C278%2C293%2C212%2C201%2C202%2C200%2C296%2C288%2C52%2C213%2C107%2C131%2C80%2C121%2C54%2C47%2C49%2C113%2C120%2C126%2C58%2C64%2C151%2C115%2C37%2C32%2C53%2C56%2C100%2C163%2C1%2C124%2C14%2C122%2C12%2C2%2C57%2C93%2C65%2C118%2C89%2C88%2C166%2C167%2C94%2C95%2C9%2C125%2C102%2C51%2C142%2C87%2C79%2C71%2C117%2C106%2C43%2C143%2C0%2C82%2C137%2C140%2C153%2C38%2C108%2C13%2C168 → pending (?ms, ?B)
[2026-04-28T05:38:07.861Z] GET https://www.estimateone.com/ → 301 (131ms, ?B)
[2026-04-28T05:38:07.861Z] POST https://ws.zoominfo.com/pixel/collect → pending (?ms, ?B)
[2026-04-28T05:38:07.992Z] GET https://estimateone.com/ → 200 (119ms, 179644B)
[2026-04-28T05:38:08.116Z] GET https://fonts.googleapis.com/css2?family=Roboto:ital,wght@0,400;0,700;0,900;1,400&display=swap → pending (?ms, ?B)
[2026-04-28T05:38:08.116Z] GET https://estimateone.com/wp-content/themes/rb-estimateone/css/complianz.min.css?ver=1.7.0.5 → 200 (92ms, 12611B)
[2026-04-28T05:38:08.116Z] GET https://estimateone.com/wp-content/themes/rb-estimateone/css/style.min.css?ver=1.7.0.5 → 200 (86ms, 316795B)
[2026-04-28T05:38:08.117Z] GET https://estimateone.com/wp-includes/js/jquery/jquery.min.js?ver=3.7.1 → 200 (75ms, 87553B)
[2026-04-28T05:38:08.117Z] GET https://estimateone.com/wp-includes/js/jquery/jquery-migrate.min.js?ver=3.4.1 → 200 (75ms, 13577B)
[2026-04-28T05:38:08.117Z] GET https://estimateone.com/wp-content/themes/rb-estimateone/images/logo.svg → pending (?ms, ?B)
[2026-04-28T05:38:08.117Z] GET https://estimateone.com/wp-content/uploads/2024/05/blueprint-helmet.svg → pending (?ms, ?B)
[2026-04-28T05:38:08.117Z] GET https://estimateone.com/wp-content/uploads/2025/03/Pin-Location.svg → pending (?ms, ?B)
[2026-04-28T05:38:08.117Z] GET https://estimateone.com/wp-content/uploads/2024/05/helmet.svg → pending (?ms, ?B)
[2026-04-28T05:38:08.117Z] GET https://estimateone.com/wp-content/uploads/2025/03/Flag_of_Australia.png → 200 (85ms, 822B)
[2026-04-28T05:38:08.117Z] GET https://estimateone.com/wp-content/uploads/sites/3/2025/03/Flag_of_the_United_Kingdom_3-5.png → 200 (102ms, 978B)
[2026-04-28T05:38:08.117Z] GET https://estimateone.com/wp-content/uploads/2024/08/danist-soh-8Gg2Ne_uTcM-unsplash-920x720.jpg → 200 (75ms, 148936B)
[2026-04-28T05:38:08.117Z] GET https://estimateone.com/wp-content/uploads/2025/05/big-logo-1.svg → 200 (130ms, 1812B)
[2026-04-28T05:38:08.117Z] GET https://estimateone.com/wp-content/uploads/2025/05/1200px-John_Holland_Logo-200x66.png → 200 (136ms, 1386B)
[2026-04-28T05:38:08.117Z] GET https://estimateone.com/wp-content/uploads/2025/05/BADGE-logo-2x-200x42.png → pending (?ms, ?B)
[2026-04-28T05:38:08.117Z] GET https://estimateone.com/wp-content/themes/rb-estimateone/images/highlights/nut.webp → pending (?ms, ?B)
[2026-04-28T05:38:08.117Z] GET https://estimateone.com/wp-content/themes/rb-estimateone/images/logo-rb.svg → pending (?ms, ?B)
[2026-04-28T05:38:08.117Z] GET https://estimateone.com/wp-content/themes/rb-estimateone/js/script.min.js?ver=1.7.0.5 → pending (?ms, ?B)
[2026-04-28T05:38:08.117Z] GET https://maps.googleapis.com/maps/api/js?key=AIzaSyAIEqZM_sCyVQhIfzs5ynXCvYclY-BxOXM&callback=setupAllAutocompletes&libraries=places&v=weekly&ver=1.0.0 → pending (?ms, ?B)
[2026-04-28T05:38:08.117Z] GET https://www.google.com/recaptcha/api.js?render=6LeDbGsqAAAAANAVqTB1WGOht3IrVybDBAVmAE8X&ver=2.1.0 → pending (?ms, ?B)
[2026-04-28T05:38:08.117Z] GET https://estimateone.com/wp-content/plugins/gravityformsrecaptcha/js/frontend.min.js?ver=2.1.0 → pending (?ms, ?B)
[2026-04-28T05:38:08.354Z] GET https://www.googletagmanager.com/gtm.js?id=GTM-KJ3JNHB → 200 (552ms, 481405B)
[2026-04-28T05:38:08.363Z] GET https://estimateone.com/wp-content/themes/rb-estimateone/fonts/Faktum-Regular.woff2 → 200 (66ms, 28900B)
[2026-04-28T05:38:08.363Z] GET https://estimateone.com/wp-content/themes/rb-estimateone/fonts/Faktum-SemiBold.woff2 → 200 (67ms, 30208B)
[2026-04-28T05:38:08.377Z] GET https://js.hs-analytics.net/analytics/1777354800000/43653305.js → 200 (57ms, 109646B)
[2026-04-28T05:38:08.426Z] GET https://estimateone.com/wp-content/themes/rb-estimateone/images/highlights/six.webp → 200 (3ms, 144824B)
[2026-04-28T05:38:08.426Z] GET https://estimateone.com/wp-content/themes/rb-estimateone/images/highlights/coffee.webp → 200 (3ms, 35454B)
[2026-04-28T05:38:08.426Z] GET https://estimateone.com/wp-content/themes/rb-estimateone/fonts/Faktum-Bold.woff2 → 200 (124ms, 28776B)
[2026-04-28T05:38:08.426Z] GET https://estimateone.com/wp-content/uploads/2025/05/built-logo-200x80.png → 200 (120ms, 888B)
[2026-04-28T05:38:08.426Z] GET https://estimateone.com/wp-content/uploads/2025/05/HBuilder-Logo-1-200x71.png → 200 (121ms, 1790B)
[2026-04-28T05:38:08.426Z] GET https://estimateone.com/wp-content/uploads/2025/05/limage-192-200x77.png → 200 (121ms, 2982B)
[2026-04-28T05:38:08.426Z] GET https://estimateone.com/wp-content/uploads/2025/05/logo-buildcorp-2-200x80.png → 200 (121ms, 2148B)
[2026-04-28T05:38:08.426Z] GET https://estimateone.com/wp-content/uploads/2025/05/Multiplex_company_logo-768x93.png → 200 (121ms, 2440B)
[2026-04-28T05:38:08.426Z] GET https://estimateone.com/wp-content/uploads/2024/05/blueprint-helmet-blue.svg → 200 (123ms, 1401B)
[2026-04-28T05:38:08.426Z] GET https://estimateone.com/wp-content/uploads/2024/07/bricks.svg → 200 (34ms, 3308B)
[2026-04-28T05:38:08.426Z] GET https://estimateone.com/wp-content/uploads/2024/05/tools-wrench-hold-blue.svg → 200 (124ms, 6124B)
[2026-04-28T05:38:08.430Z] GET https://estimateone.com/wp-content/uploads/2024/05/home-main-contractors-video.mp4 → 206 (120ms, 1261656B)
[2026-04-28T05:38:08.431Z] GET https://estimateone.com/wp-content/uploads/2024/05/home-subcontractors-video.mp4 → 206 (115ms, 1199095B)
[2026-04-28T05:38:08.431Z] GET https://estimateone.com/wp-content/uploads/2025/05/05141.mp4 → 206 (119ms, ?B)
[2026-04-28T05:38:08.593Z] GET https://estimateone.com/wp-content/uploads/2025/05/05141.mp4 → 206 (52ms, 23973B)
[2026-04-28T05:38:08.797Z] GET https://maps.googleapis.com/maps/api/mapsjs/gen_204?csp_test=true → 200 (324ms, 3B)
[2026-04-28T05:38:08.797Z] GET https://www.gstatic.com/recaptcha/releases/gTpTIWhbKpxADzTzkcabhXN4/recaptcha__en.js → 200 (31ms, 868023B)
[2026-04-28T05:38:08.799Z] GET blob:https://estimateone.com/c705925b-3e62-43d5-baf9-d94316f2a2dc → 200 (26ms, 1327B)
[2026-04-28T05:38:08.799Z] GET https://estimateone.com/cdn-cgi/challenge-platform/scripts/jsd/main.js → 302 (29ms, ?B)
[2026-04-28T05:38:08.825Z] GET https://estimateone.com/wp-content/themes/rb-estimateone/images/icon-sprite.svg → 200 (81ms, 16897B)
[2026-04-28T05:38:08.828Z] GET https://estimateone.com/cdn-cgi/challenge-platform/h/g/scripts/jsd/a80f1640690f/main.js? → 200 (78ms, 23353B)
[2026-04-28T05:38:08.875Z] GET https://www.google.com/recaptcha/api2/anchor?ar=1&k=6LeDbGsqAAAAANAVqTB1WGOht3IrVybDBAVmAE8X&co=aHR0cHM6Ly9lc3RpbWF0ZW9uZS5jb206NDQz&hl=en&v=gTpTIWhbKpxADzTzkcabhXN4&size=invisible&anchor-ms=20000&execute-ms=30000&cb=egrchvz91ido → 200 (138ms, 54303B)
[2026-04-28T05:38:08.905Z] GET https://estimateone.com/wp-includes/js/wp-emoji-release.min.js?ver=6.9.4 → 200 (45ms, 22762B)
[2026-04-28T05:38:08.942Z] POST https://estimateone.com/cdn-cgi/challenge-platform/h/g/jsd/oneshot/a80f1640690f/0.4895210896067015:1777353312:MMWKf2taAbTYxVoqrCjHaGo_m1266_qWYrDCzz20XzU/9f33b812eec45747 → 200 (72ms, ?B)
[2026-04-28T05:38:08.978Z] GET https://www.googletagmanager.com/gtag/js?id=AW-972621109&cx=c&gtm=4e64o1 → pending (?ms, ?B)
[2026-04-28T05:38:08.978Z] GET https://www.googletagmanager.com/gtag/js?id=G-DFM82CWKNS&cx=c&gtm=4e64o1 → pending (?ms, ?B)
[2026-04-28T05:38:08.978Z] GET https://snap.licdn.com/li.lms-analytics/insight.min.js → 200 (2ms, 53634B)
[2026-04-28T05:38:08.979Z] GET https://connect.facebook.net/en_US/fbevents.js → 200 (5ms, 375212B)
[2026-04-28T05:38:08.979Z] GET https://www.clickcease.com/monitor/stat.js → 200 (88ms, 145218B)
[2026-04-28T05:38:08.979Z] POST https://www.google.com/ccm/collect?rcb=2&frm=0&ae=g&en=page_view&dl=https%3A%2F%2Festimateone.com%2F&scrsrc=www.googletagmanager.com&rnd=605246267.1777354689&dt=E1%20(EstimateOne)%20%7C%20Construction%20Tendering%20Platform&auid=496840796.1777354689&navt=n&npa=0&ep.ads_data_redaction=0&gtm=45He64o1v811678730za200zd811678730xea&gcd=13l3l3l3l1l1&dma=0&tag_exp=0~115938465~115938468~116363097~117266401~118128923~118167058&apve=1&apvf=f&apvc=1&tft=1777354688976&tfd=1117 → 200 (158ms, ?B)
[2026-04-28T05:38:08.988Z] GET https://px.ads.linkedin.com/attribution_trigger?pid=1197714&time=1777354688984&url=https%3A%2F%2Festimateone.com%2F → 200 (250ms, 2B)
[2026-04-28T05:38:08.988Z] GET https://px.ads.linkedin.com/collect?v=2&fmt=js&pid=1197714&time=1777354688984&li_adsId=a3f31ba2-203f-45fc-ab17-3118f70de6a7&url=https%3A%2F%2Festimateone.com%2F → pending (?ms, ?B)
[2026-04-28T05:38:09.013Z] GET https://connect.facebook.net/signals/config/2455190954740872?v=2.9.308&r=stable&domain=estimateone.com&hme=97937018cefade17726f0472876fc101316b2ce9008a35a6a5a7977d7436151a&ex_m=104%2C205%2C154%2C22%2C72%2C73%2C145%2C68%2C67%2C11%2C162%2C90%2C16%2C138%2C127%2C39%2C75%2C78%2C134%2C159%2C164%2C8%2C4%2C5%2C7%2C6%2C3%2C91%2C101%2C165%2C170%2C219%2C62%2C186%2C187%2C55%2C276%2C30%2C74%2C231%2C230%2C229%2C23%2C33%2C103%2C61%2C10%2C63%2C97%2C98%2C99%2C105%2C130%2C31%2C29%2C132%2C133%2C129%2C128%2C155%2C76%2C158%2C156%2C157%2C50%2C60%2C123%2C15%2C161%2C45%2C263%2C264%2C262%2C26%2C27%2C28%2C48%2C146%2C77%2C112%2C18%2C20%2C44%2C40%2C42%2C41%2C83%2C92%2C96%2C110%2C144%2C147%2C46%2C111%2C24%2C21%2C119%2C69%2C36%2C149%2C148%2C150%2C141%2C139%2C25%2C35%2C59%2C109%2C160%2C70%2C17%2C152%2C114%2C81%2C66%2C19%2C85%2C86%2C116%2C84%2C136%2C135%2C34%2C278%2C293%2C212%2C201%2C202%2C200%2C296%2C288%2C52%2C213%2C107%2C131%2C80%2C121%2C54%2C47%2C49%2C113%2C120%2C126%2C58%2C64%2C151%2C115%2C37%2C32%2C53%2C56%2C100%2C163%2C1%2C124%2C14%2C122%2C12%2C2%2C57%2C93%2C65%2C118%2C89%2C88%2C166%2C167%2C94%2C95%2C9%2C125%2C102%2C51%2C142%2C87%2C79%2C71%2C117%2C106%2C43%2C143%2C0%2C82%2C137%2C140%2C153%2C38%2C108%2C13%2C168 → 200 (59ms, 208844B)
[2026-04-28T05:38:09.017Z] GET https://www.gstatic.com/recaptcha/releases/gTpTIWhbKpxADzTzkcabhXN4/styles__ltr.css → 200 (149ms, 83366B)
[2026-04-28T05:38:09.017Z] GET https://www.gstatic.com/recaptcha/releases/gTpTIWhbKpxADzTzkcabhXN4/recaptcha__en.js → 200 (19ms, 868023B)
[2026-04-28T05:38:09.227Z] GET https://www.google.com/recaptcha/api2/webworker.js?hl=en&v=gTpTIWhbKpxADzTzkcabhXN4 → pending (?ms, ?B)
[2026-04-28T05:38:09.231Z] GET https://www.gstatic.com/recaptcha/api2/logo_48.png → 200 (16ms, 2228B)
[2026-04-28T05:38:09.231Z] GET https://fonts.gstatic.com/s/roboto/v48/KFO7CnqEu92Fr1ME7kSn66aGLdTylUAMa3yUBA.woff2 → pending (?ms, ?B)
[2026-04-28T05:38:09.313Z] POST https://px.ads.linkedin.com/wa/?medium=fetch&fmt=g → 204 (258ms, ?B)
[2026-04-28T05:38:09.369Z] GET https://googleads.g.doubleclick.net/pagead/viewthroughconversion/972621109/?random=1777354689335&cv=11&fst=1777354689335&bg=ffffff&guid=ON&async=1&en=gtag.config&gtm=45be64o1v9115709150z8811678730za20gzb811678730zd811678730xec&gcd=13l3l3l3l1l1&dma=0&tag_exp=0~115616985~115938465~115938468~116363097~117266401&u_w=1280&u_h=900&url=https%3A%2F%2Festimateone.com%2F&rcb=12&frm=0&tiba=E1%20(EstimateOne)%20%7C%20Construction%20Tendering%20Platform&hn=www.googleadservices.com&npa=0&pscdl=noapi&auid=496840796.1777354689&uaa=x86&uab=64&uafvl=Not%253AA-Brand%3B99.0.0.0%7CHeadlessChrome%3B145.0.7632.6%7CChromium%3B145.0.7632.6&uamb=0&uam=&uap=Linux&uapv=&uaw=0&data=event%3Dgtag.config&gap.plf=5&rfmt=3&fmt=4 → 200 (245ms, 5432B)
[2026-04-28T05:38:09.369Z] POST https://www.google.com/rmkt/collect/972621109/?random=1777354689335&cv=11&fst=1777354689335&fmt=8&bg=ffffff&guid=ON&async=1&en=gtag.config&gtm=45be64o1v9115709150z8811678730za20gzb811678730zd811678730xec&gcd=13l3l3l3l1l1&dma=0&tag_exp=0~115616985~115938465~115938468~116363097~117266401&u_w=1280&u_h=900&url=https%3A%2F%2Festimateone.com%2F&rcb=12&frm=0&tiba=E1%20(EstimateOne)%20%7C%20Construction%20Tendering%20Platform&hn=www.googleadservices.com&npa=0&pscdl=noapi&auid=496840796.1777354689&uaa=x86&uab=64&uafvl=Not%253AA-Brand%3B99.0.0.0%7CHeadlessChrome%3B145.0.7632.6%7CChromium%3B145.0.7632.6&uamb=0&uam=&uap=Linux&uapv=&uaw=0&data=event%3Dgtag.config&gap.plf=5&gcp=5 → 200 (112ms, ?B)
[2026-04-28T05:38:09.369Z] GET https://googleads.g.doubleclick.net/pagead/viewthroughconversion/972621109/?random=1777354689365&cv=11&fst=1777354689365&bg=ffffff&guid=ON&async=1&gtm=45be64o1v9115709150z8811678730za20gzb811678730zd811678730xea&gcd=13l3l3l3l1l1&dma=0&tag_exp=0~115616985~115938465~115938468~116363097~117266401&u_w=1280&u_h=900&url=https%3A%2F%2Festimateone.com%2F&rcb=12&frm=0&tiba=E1%20(EstimateOne)%20%7C%20Construction%20Tendering%20Platform&hn=www.googleadservices.com&npa=0&pscdl=noapi&auid=496840796.1777354689&uaa=x86&uab=64&uafvl=Not%253AA-Brand%3B99.0.0.0%7CHeadlessChrome%3B145.0.7632.6%7CChromium%3B145.0.7632.6&uamb=0&uam=&uap=Linux&uapv=&uaw=0&_tu=CA&gap.plf=5&rfmt=3&fmt=4 → 200 (242ms, 5354B)
[2026-04-28T05:38:09.369Z] POST https://www.google.com/rmkt/collect/972621109/?random=1777354689365&cv=11&fst=1777354689365&fmt=8&bg=ffffff&guid=ON&async=1&gtm=45be64o1v9115709150z8811678730za20gzb811678730zd811678730xea&gcd=13l3l3l3l1l1&dma=0&tag_exp=0~115616985~115938465~115938468~116363097~117266401&u_w=1280&u_h=900&url=https%3A%2F%2Festimateone.com%2F&rcb=12&frm=0&tiba=E1%20(EstimateOne)%20%7C%20Construction%20Tendering%20Platform&hn=www.googleadservices.com&npa=0&pscdl=noapi&auid=496840796.1777354689&uaa=x86&uab=64&uafvl=Not%253AA-Brand%3B99.0.0.0%7CHeadlessChrome%3B145.0.7632.6%7CChromium%3B145.0.7632.6&uamb=0&uam=&uap=Linux&uapv=&uaw=0&_tu=CA&gap.plf=5&gcp=5 → 200 (114ms, ?B)
[2026-04-28T05:38:09.369Z] POST https://www.google.com/ccm/collect?rcb=12&frm=0&en=page_view&dl=https%3A%2F%2Festimateone.com%2F&scrsrc=www.googletagmanager.com&rnd=605246267.1777354689&dt=E1%20(EstimateOne)%20%7C%20Construction%20Tendering%20Platform&auid=496840796.1777354689&navt=n&npa=0&gtm=45be64o1v9115709150z8811678730za20gzb811678730zd811678730xec&gcd=13l3l3l3l1l1&dma=0&tag_exp=0~115616985~115938465~115938468~116363097~117266401&apve=1&apvf=f&gap.plf=5&apvc=0&tids=AW-972621109&tid=AW-972621109&tft=1777354689368&tfd=1508 → 200 (157ms, ?B)
[2026-04-28T05:38:09.369Z] POST https://www.google.com/ccm/collect?rcb=12&frm=0&ae=g&dl=https%3A%2F%2Festimateone.com%2F&scrsrc=www.googletagmanager.com&rnd=605246267.1777354689&dt=E1%20(EstimateOne)%20%7C%20Construction%20Tendering%20Platform&auid=496840796.1777354689&navt=n&npa=0&_tu=CA&gtm=45be64o1v9115709150z8811678730za20gzb811678730zd811678730xea&gcd=13l3l3l3l1l1&dma=0&tag_exp=0~115616985~115938465~115938468~116363097~117266401&apve=1&apvf=f&gap.plf=5&apvc=0&tids=AW-972621109&tid=AW-972621109&tft=1777354689368&tfd=1509 → 200 (158ms, ?B)
[2026-04-28T05:38:09.377Z] GET https://www.gstatic.com/recaptcha/releases/gTpTIWhbKpxADzTzkcabhXN4/recaptcha__en.js → 200 (64ms, 868023B)
[2026-04-28T05:38:09.424Z] POST https://analytics.google.com/g/collect?v=2&tid=G-DFM82CWKNS&gtm=45je64o1v868709525z8811678730za20gzb811678730zd811678730&_p=1777354688353&_gaz=1&gcd=13l3l3l3l1l1&npa=0&dma=0&_eu=EAAAAGAC&are=1&cid=2142800268.1777354689&frm=0&ir=1&pscdl=noapi&rcb=14&sr=1280x900&uaa=x86&uab=64&uafvl=Not%253AA-Brand%3B99.0.0.0%7CHeadlessChrome%3B145.0.7632.6%7CChromium%3B145.0.7632.6&uam=&uamb=0&uap=Linux&uapv=&uaw=0&ul=en-us&gaf=2&_s=1&tag_exp=0~115938465~115938469~116363097~117266400~117512543~118167059~118463262&sid=1777354689&sct=1&seg=0&dl=https%3A%2F%2Festimateone.com%2F&dt=E1%20(EstimateOne)%20%7C%20Construction%20Tendering%20Platform&en=page_view&_fv=1&_nsi=1&_ss=1&tfd=1543 → 204 (128ms, ?B)
[2026-04-28T05:38:09.424Z] POST https://stats.g.doubleclick.net/g/collect?v=2&tid=G-DFM82CWKNS&cid=2142800268.1777354689&gtm=45je64o1v868709525z8811678730za20gzb811678730zd811678730&rcb=14&aip=1&dma=0&gcd=13l3l3l3l1l1&npa=0&frm=0&tag_exp=0~115938465~115938469~116363097~117266400~117512543~118167059~118463262 → 204 (129ms, ?B)
[2026-04-28T05:38:09.424Z] GET https://www.google.com.au/ads/ga-audiences?v=1&t=sr&slf_rd=1&_r=4&tid=G-DFM82CWKNS&cid=2142800268.1777354689&gtm=45je64o1v868709525z8811678730za20gzb811678730zd811678730&rcb=14&aip=1&dma=0&gcd=13l3l3l3l1l1&npa=0&frm=0&tag_exp=0~115938465~115938469~116363097~117266400~117512543~118167059~118463262&z=853887201 → 200 (128ms, 42B)
[2026-04-28T05:38:09.611Z] GET https://www.google.com/pagead/1p-user-list/972621109/?random=1777354689365&cv=11&fst=1777352400000&bg=ffffff&guid=ON&async=1&gtm=45be64o1v9115709150z8811678730za20gzb811678730zd811678730xea&gcd=13l3l3l3l1l1&dma=0&tag_exp=0~115616985~115938465~115938468~116363097~117266401&u_w=1280&u_h=900&url=https%3A%2F%2Festimateone.com%2F&rcb=12&frm=0&tiba=E1%20(EstimateOne)%20%7C%20Construction%20Tendering%20Platform&hn=www.googleadservices.com&npa=0&pscdl=noapi&auid=496840796.1777354689&uaa=x86&uab=64&uafvl=Not%253AA-Brand%3B99.0.0.0%7CHeadlessChrome%3B145.0.7632.6%7CChromium%3B145.0.7632.6&uamb=0&uam=&uap=Linux&uapv=&uaw=0&_tu=CA&gap.plf=5&rfmt=3&fmt=3&is_vtc=1&cid=CAQSvgEABaugfdhzhGdiUcSB-nKXv2ln_SReIQfRhoylZne2H3yCI5xZk-hf1W8LI65k52CXjAdCor7pZWloBYXW_OmpQjyOqF3g3CEZ0T2dGgby3FduNsALUHafHXBGa2Lx_jqk8PMtXO__29z58UIaCrxyIN46zFBeQbyKJrUbGTNoO0Ui_pHA2t88VgVPq8DZkRSJY0Jj-qTj_agk_PUu6ZsGIUgYmUeDwcg-83tiLSD5-bzLxewdlOaBb9nMUtVC&random=3620233622&rmt_tld=0&ipr=y → 200 (125ms, 42B)
[2026-04-28T05:38:09.611Z] GET https://www.google.com.au/pagead/1p-user-list/972621109/?random=1777354689365&cv=11&fst=1777352400000&bg=ffffff&guid=ON&async=1&gtm=45be64o1v9115709150z8811678730za20gzb811678730zd811678730xea&gcd=13l3l3l3l1l1&dma=0&tag_exp=0~115616985~115938465~115938468~116363097~117266401&u_w=1280&u_h=900&url=https%3A%2F%2Festimateone.com%2F&rcb=12&frm=0&tiba=E1%20(EstimateOne)%20%7C%20Construction%20Tendering%20Platform&hn=www.googleadservices.com&npa=0&pscdl=noapi&auid=496840796.1777354689&uaa=x86&uab=64&uafvl=Not%253AA-Brand%3B99.0.0.0%7CHeadlessChrome%3B145.0.7632.6%7CChromium%3B145.0.7632.6&uamb=0&uam=&uap=Linux&uapv=&uaw=0&_tu=CA&gap.plf=5&rfmt=3&fmt=3&is_vtc=1&cid=CAQSvgEABaugfdhzhGdiUcSB-nKXv2ln_SReIQfRhoylZne2H3yCI5xZk-hf1W8LI65k52CXjAdCor7pZWloBYXW_OmpQjyOqF3g3CEZ0T2dGgby3FduNsALUHafHXBGa2Lx_jqk8PMtXO__29z58UIaCrxyIN46zFBeQbyKJrUbGTNoO0Ui_pHA2t88VgVPq8DZkRSJY0Jj-qTj_agk_PUu6ZsGIUgYmUeDwcg-83tiLSD5-bzLxewdlOaBb9nMUtVC&random=3620233622&rmt_tld=1&ipr=y → 200 (123ms, 42B)
[2026-04-28T05:38:09.614Z] GET https://www.google.com/pagead/1p-user-list/972621109/?random=1777354689335&cv=11&fst=1777352400000&bg=ffffff&guid=ON&async=1&en=gtag.config&gtm=45be64o1v9115709150z8811678730za20gzb811678730zd811678730xec&gcd=13l3l3l3l1l1&dma=0&tag_exp=0~115616985~115938465~115938468~116363097~117266401&u_w=1280&u_h=900&url=https%3A%2F%2Festimateone.com%2F&rcb=12&frm=0&tiba=E1%20(EstimateOne)%20%7C%20Construction%20Tendering%20Platform&hn=www.googleadservices.com&npa=0&pscdl=noapi&auid=496840796.1777354689&uaa=x86&uab=64&uafvl=Not%253AA-Brand%3B99.0.0.0%7CHeadlessChrome%3B145.0.7632.6%7CChromium%3B145.0.7632.6&uamb=0&uam=&uap=Linux&uapv=&uaw=0&data=event%3Dgtag.config&gap.plf=5&rfmt=3&fmt=3&is_vtc=1&cid=CAQSvgEABaugfS8RY-GFxe_htacuCRD2V277BvK1tGZs84KoeV0_G8AlnglVJSauHl2hXl5tO5JKPwRuidVv4Pyq-5tiHehbT2q399WZJqdTkdAdZX2NkNioJMPCDAegDambreSA3kmLcfLIyBM39V5-AXI2cXWhWsr0_gBJBJDAtuTtSvRM8BBifBT6r9Wrc9UJP1OArn6Y7I6NgI6o865lWHRJX_aDlnPNZRFy_xnS4U0ltuavhCI3efpkMinKshbU&random=1181721851&rmt_tld=0&ipr=y → 200 (134ms, 42B)
[2026-04-28T05:38:09.614Z] GET https://www.google.com.au/pagead/1p-user-list/972621109/?random=1777354689335&cv=11&fst=1777352400000&bg=ffffff&guid=ON&async=1&en=gtag.config&gtm=45be64o1v9115709150z8811678730za20gzb811678730zd811678730xec&gcd=13l3l3l3l1l1&dma=0&tag_exp=0~115616985~115938465~115938468~116363097~117266401&u_w=1280&u_h=900&url=https%3A%2F%2Festimateone.com%2F&rcb=12&frm=0&tiba=E1%20(EstimateOne)%20%7C%20Construction%20Tendering%20Platform&hn=www.googleadservices.com&npa=0&pscdl=noapi&auid=496840796.1777354689&uaa=x86&uab=64&uafvl=Not%253AA-Brand%3B99.0.0.0%7CHeadlessChrome%3B145.0.7632.6%7CChromium%3B145.0.7632.6&uamb=0&uam=&uap=Linux&uapv=&uaw=0&data=event%3Dgtag.config&gap.plf=5&rfmt=3&fmt=3&is_vtc=1&cid=CAQSvgEABaugfS8RY-GFxe_htacuCRD2V277BvK1tGZs84KoeV0_G8AlnglVJSauHl2hXl5tO5JKPwRuidVv4Pyq-5tiHehbT2q399WZJqdTkdAdZX2NkNioJMPCDAegDambreSA3kmLcfLIyBM39V5-AXI2cXWhWsr0_gBJBJDAtuTtSvRM8BBifBT6r9Wrc9UJP1OArn6Y7I6NgI6o865lWHRJX_aDlnPNZRFy_xnS4U0ltuavhCI3efpkMinKshbU&random=1181721851&rmt_tld=1&ipr=y → 200 (120ms, 42B)
[2026-04-28T05:38:09.752Z] GET https://js-na1.hs-scripts.com/43653305.js → 200 (60ms, 2061B)
[2026-04-28T05:38:09.752Z] GET https://track.hubspot.com/__ptq.gif?k=1&sd=1280x900&cd=24-bit&cs=UTF-8&ln=en-us&bfp=654eddde297438b429e960cd5d3d0f4d&v=1.1&a=43653305&rcu=https%3A%2F%2Festimateone.com%2F&pu=https%3A%2F%2Festimateone.com%2F&t=E1+(EstimateOne)+%7C+Construction+Tendering+Platform&cts=1777354689751&vi=b354ebf26471a08045105b76cacf41e3&nc=true&ce=false&cc=0 → 200 (284ms, 45B)
[2026-04-28T05:38:09.813Z] GET https://js.hs-banner.com/v2/43653305/banner.js → 200 (36ms, 69040B)
[2026-04-28T05:38:09.813Z] GET https://js.hsadspixel.net/pixels.js → 200 (34ms, 7644B)
[2026-04-28T05:38:09.813Z] GET https://js.hubspot.com/web-interactives-embed.js → 200 (42ms, 97992B)
[2026-04-28T05:38:09.853Z] GET https://api.hubapi.com/hs-script-loader-public/v2/config/pixels-and-events/json?portalId=43653305 → 200 (287ms, 878B)
[2026-04-28T05:38:09.864Z] GET https://cta-service-cms2.hubspot.com/web-interactives/public/v1/embed/combinedConfigs?portalId=43653305&currentUrl=https%3A%2F%2Festimateone.com%2F&utk=b354ebf26471a08045105b76cacf41e3&__hstc=75121997.b354ebf26471a08045105b76cacf41e3.1777354689751.1777354689751.1777354689751.1&__hssc=75121997.1.1777354689751 → 200 (276ms, 61B)
[2026-04-28T05:38:10.140Z] GET https://www.googletagmanager.com/gtag/js?id=AW-972621109 → pending (?ms, ?B)
[2026-04-28T05:38:10.140Z] GET https://googleads.g.doubleclick.net/pagead/viewthroughconversion/972621109/?random=1777354690133&cv=11&fst=1777354690133&bg=ffffff&guid=ON&async=1&en=gtag.config&gtm=45be64o1v9115709150za20gzb811678730zd811678730xec&gcd=13l3l3l3l1l1&dma=0&tag_exp=0~115616985~115938465~115938468~116363097~117266401&u_w=1280&u_h=900&url=https%3A%2F%2Festimateone.com%2F&rcb=12&frm=0&tiba=E1%20(EstimateOne)%20%7C%20Construction%20Tendering%20Platform&did=dZTQ1Zm&gdid=dZTQ1Zm&hn=www.googleadservices.com&npa=0&pscdl=noapi&auid=496840796.1777354689&uaa=x86&uab=64&uafvl=Not%253AA-Brand%3B99.0.0.0%7CHeadlessChrome%3B145.0.7632.6%7CChromium%3B145.0.7632.6&uamb=0&uam=&uap=Linux&uapv=&uaw=0&data=event%3Dgtag.config&gap.plf=5&rfmt=3&fmt=4 → pending (?ms, ?B)
[2026-04-28T05:38:10.140Z] POST https://www.google.com/rmkt/collect/972621109/?random=1777354690133&cv=11&fst=1777354690133&fmt=8&bg=ffffff&guid=ON&async=1&en=gtag.config&gtm=45be64o1v9115709150za20gzb811678730zd811678730xec&gcd=13l3l3l3l1l1&dma=0&tag_exp=0~115616985~115938465~115938468~116363097~117266401&u_w=1280&u_h=900&url=https%3A%2F%2Festimateone.com%2F&rcb=12&frm=0&tiba=E1%20(EstimateOne)%20%7C%20Construction%20Tendering%20Platform&did=dZTQ1Zm&gdid=dZTQ1Zm&hn=www.googleadservices.com&npa=0&pscdl=noapi&auid=496840796.1777354689&uaa=x86&uab=64&uafvl=Not%253AA-Brand%3B99.0.0.0%7CHeadlessChrome%3B145.0.7632.6%7CChromium%3B145.0.7632.6&uamb=0&uam=&uap=Linux&uapv=&uaw=0&data=event%3Dgtag.config&gap.plf=5&gcp=5 → 200 (112ms, ?B)
[2026-04-28T05:38:10.140Z] POST https://www.google.com/ccm/collect?rcb=12&frm=0&en=page_view&dl=https%3A%2F%2Festimateone.com%2F&scrsrc=www.googletagmanager.com&rnd=605246267.1777354689&dt=E1%20(EstimateOne)%20%7C%20Construction%20Tendering%20Platform&auid=496840796.1777354689&navt=n&npa=0&did=dZTQ1Zm&gdid=dZTQ1Zm&gtm=45be64o1v9115709150za20gzb811678730zd811678730xec&gcd=13l3l3l3l1l1&dma=0&tag_exp=0~115616985~115938465~115938468~116363097~117266401&apve=1&apvf=f&gap.plf=5&apvc=0&tids=AW-972621109&tid=AW-972621109&tft=1777354690139&tfd=2279 → pending (?ms, ?B)
[2026-04-28T05:38:10.140Z] GET https://perf-na1.hsforms.com/embed/v3/counters.gif?key=config-loaded-success&value=1 → pending (?ms, ?B)
[2026-04-28T05:38:10.279Z] GET https://www.google.com/pagead/1p-user-list/972621109/?random=1777354690133&cv=11&fst=1777352400000&bg=ffffff&guid=ON&async=1&en=gtag.config&gtm=45be64o1v9115709150za20gzb811678730zd811678730xec&gcd=13l3l3l3l1l1&dma=0&tag_exp=0~115616985~115938465~115938468~116363097~117266401&u_w=1280&u_h=900&url=https%3A%2F%2Festimateone.com%2F&rcb=12&frm=0&tiba=E1%20(EstimateOne)%20%7C%20Construction%20Tendering%20Platform&did=dZTQ1Zm&gdid=dZTQ1Zm&hn=www.googleadservices.com&npa=0&pscdl=noapi&auid=496840796.1777354689&uaa=x86&uab=64&uafvl=Not%253AA-Brand%3B99.0.0.0%7CHeadlessChrome%3B145.0.7632.6%7CChromium%3B145.0.7632.6&uamb=0&uam=&uap=Linux&uapv=&uaw=0&data=event%3Dgtag.config&gap.plf=5&rfmt=3&fmt=3&is_vtc=1&cid=CAQS4QEABaugfXMnLwgAMcg6ShF497MxhHW-zSCGocDMR7LZprbp-WssxWY0FCfx2mLRobGwhF6YanMdlaRaAl1s_FujNftSZKTyyeDbu3QRYYGIXfCbmdk0g-Y7kZsVPgtwqHQ06LsYMAKJwEopcQxl-yWGWH9rKm5N7lrWk4yE4aM_5yKLX-23Qq_V4n8Wj4a3qQTZbaYhLc7QZssRyjPOQvAlNqmjHVPnh_oNkA9T4jKfkokhV-DpgQ5ZWw2Jvls2kEJVUMs_gcgCzn4ZlDweC083PtBaxN65O_KNt3OGVcmerew&random=2930564002&rmt_tld=0&ipr=y → 200 (118ms, 42B)
[2026-04-28T05:38:10.279Z] GET https://www.google.com.au/pagead/1p-user-list/972621109/?random=1777354690133&cv=11&fst=1777352400000&bg=ffffff&guid=ON&async=1&en=gtag.config&gtm=45be64o1v9115709150za20gzb811678730zd811678730xec&gcd=13l3l3l3l1l1&dma=0&tag_exp=0~115616985~115938465~115938468~116363097~117266401&u_w=1280&u_h=900&url=https%3A%2F%2Festimateone.com%2F&rcb=12&frm=0&tiba=E1%20(EstimateOne)%20%7C%20Construction%20Tendering%20Platform&did=dZTQ1Zm&gdid=dZTQ1Zm&hn=www.googleadservices.com&npa=0&pscdl=noapi&auid=496840796.1777354689&uaa=x86&uab=64&uafvl=Not%253AA-Brand%3B99.0.0.0%7CHeadlessChrome%3B145.0.7632.6%7CChromium%3B145.0.7632.6&uamb=0&uam=&uap=Linux&uapv=&uaw=0&data=event%3Dgtag.config&gap.plf=5&rfmt=3&fmt=3&is_vtc=1&cid=CAQS4QEABaugfXMnLwgAMcg6ShF497MxhHW-zSCGocDMR7LZprbp-WssxWY0FCfx2mLRobGwhF6YanMdlaRaAl1s_FujNftSZKTyyeDbu3QRYYGIXfCbmdk0g-Y7kZsVPgtwqHQ06LsYMAKJwEopcQxl-yWGWH9rKm5N7lrWk4yE4aM_5yKLX-23Qq_V4n8Wj4a3qQTZbaYhLc7QZssRyjPOQvAlNqmjHVPnh_oNkA9T4jKfkokhV-DpgQ5ZWw2Jvls2kEJVUMs_gcgCzn4ZlDweC083PtBaxN65O_KNt3OGVcmerew&random=2930564002&rmt_tld=1&ipr=y → 200 (116ms, 42B)
[2026-04-28T05:38:13.798Z] GET https://maps.googleapis.com/maps-api-v3/api/js/64/9c/common.js → 200 (35ms, 127335B)
[2026-04-28T05:38:13.798Z] GET https://maps.googleapis.com/maps-api-v3/api/js/64/9c/util.js → 200 (43ms, 310570B)
[2026-04-28T05:38:25.427Z] GET https://estimateone.com/wp-content/uploads/2025/05/fkg_vertical_342ck40_rgb-200x116.jpg → 200 (29ms, 4105B)
[2026-04-28T05:38:25.427Z] GET https://estimateone.com/wp-content/uploads/2025/05/44492-200x132.png → 200 (39ms, 2930B)
[2026-04-28T05:38:25.427Z] GET https://estimateone.com/wp-content/uploads/2024/05/window-check.svg → 200 (46ms, 1817B)
[2026-04-28T05:38:25.427Z] GET https://estimateone.com/wp-content/uploads/2024/05/mountain-top.svg → 200 (37ms, 1784B)
[2026-04-28T05:38:25.427Z] GET https://estimateone.com/wp-content/uploads/2024/05/voice-headphone.svg → 200 (45ms, 3280B)
[2026-04-28T05:38:25.427Z] GET https://estimateone.com/wp-content/uploads/2024/05/phone-shield.svg → 200 (41ms, 1804B)
[2026-04-28T05:38:25.427Z] GET https://estimateone.com/wp-content/uploads/2024/05/star-badge.svg → 200 (42ms, 2048B)
[2026-04-28T05:38:25.427Z] GET https://estimateone.com/wp-content/uploads/2025/05/hytek-logo-200x115.png → 200 (45ms, 836B)
[2026-04-28T05:38:25.427Z] GET https://estimateone.com/wp-content/uploads/2024/08/danist-soh-8Gg2Ne_uTcM-unsplash-500x500.jpg → 200 (39ms, 68933B)
[2026-04-28T05:38:25.427Z] GET https://estimateone.com/wp-content/uploads/2025/08/Untitled-479-x-226-px-6-500x375.png → 200 (51ms, 9690B)
[2026-04-28T05:38:25.427Z] GET https://estimateone.com/wp-content/uploads/2025/05/Blog-post-12-500x375.png → 200 (46ms, 32959B)
[2026-04-28T05:38:25.427Z] GET https://estimateone.com/wp-content/uploads/2024/05/tools-wrench-hold.svg → 200 (42ms, 6127B)
[2026-04-28T05:38:25.427Z] GET https://estimateone.com/wp-content/uploads/2024/05/phone-action-question.svg → 200 (51ms, 2551B)
[2026-04-28T05:38:25.428Z] GET https://estimateone.com/wp-content/uploads/2025/05/05141.mp4 → 206 (1ms, ?B)
[2026-04-28T05:38:49.411Z] GET https://estimateone.com/wp-content/uploads/2025/05/total_construction_dd69d8562171d6a9beb7f711f532df89-150x150.png → 200 (71ms, 1366B)
